
{
    "data": [
        {
            "id": 102,
            "attributes": {
                "name": "LVMH",
                "imageUrl": "https://1000logos.net/wp-content/uploads/2020/10/LVMH-logo.png",
                "proof": "Bernard Arnault, the chairman and **CEO** of **LVMH** Moet Hennessy-Louis Vuitton, and the world’s richest man according to Forbes, has **invested** in cybersecurity firm, **Wiz**, the **Israeli** maker of cloud security solutions for enterprises.",
                "priority": false,
                "createdAt": "2023-11-06T20:41:12.343Z",
                "updatedAt": "2023-11-14T18:28:43.215Z",
                "publishedAt": "2023-11-06T20:52:25.759Z",
                "proofUrl": "https://www.timesofisrael.com/luxury-goods-magnate-bernard-arnault-invests-in-israeli-cybersecurity-firm-wiz/",
                "tags": null,
                "filename": "lvmh.webp",
                "alternative": {
                    "data": null
                }
            }
        },
        {
            "id": 31,
            "attributes": {
                "name": "Lynx",
                "imageUrl": "https://1000logos.net/wp-content/uploads/2021/06/Lynx-Logo.png",
                "proof": "Owned by **Unilever**.\n\n**Lynx** and Ben & Jerry's are owned by **Unilever**. When Ben & Jerry's decided to stop selling its products in Israel, **Unilever** sold off the Israeli distribution rights to Avi Zinger to circumvent their decision and to force Ben & Jerry's brand name to continue selling in Israel.",
                "priority": false,
                "createdAt": "2023-11-06T18:25:09.405Z",
                "updatedAt": "2023-11-14T18:29:01.026Z",
                "publishedAt": "2023-11-06T20:52:25.759Z",
                "proofUrl": "https://www.unilever.com/news/press-and-media/press-releases/2022/unilever-reaches-new-business-arrangement-for-ben-jerrys-in-israel/",
                "tags": null,
                "filename": "lynx.webp",
                "alternative": {
                    "data": null
                }
            }
        },
        {
            "id": 540,
            "attributes": {
                "name": "Lysol",
                "imageUrl": null,
                "proof": "Owned by **Reckitt Benckiser**\n\n**Reckitt Benckiser** signs a cooperation agreement with the Israel Innovation Authority.",
                "priority": false,
                "createdAt": "2023-11-14T15:28:22.988Z",
                "updatedAt": "2023-11-14T21:27:19.902Z",
                "publishedAt": "2023-11-20T00:14:12.269Z",
                "proofUrl": "https://en.globes.co.il/en/article-reckitt-benckiser-seeks-investments-in-israeli-cos-1001262747",
                "tags": null,
                "filename": "lysol.webp",
                "alternative": {
                    "data": null
                }
            }
        },
        {
            "id": 504,
            "attributes": {
                "name": "Maggi",
                "imageUrl": "https://upload.wikimedia.org/wikipedia/commons/thumb/8/83/Maggi_logo.svg/2560px-Maggi_logo.svg.png",
                "proof": "Owned by **Nestlé**.\n\n**Nestlé** is 100% owned by swiss. **Nestlé** began investing in Israel in 1995 by buying 10% of Israeli food maker Osem Investments, increasing its ownership to 50.1% two years later giving it the controlling share and now owns a 53.8 percent stake in Osem Swiss food giant **Nestlé** will set up a global research and development centre for snack foods in Sderot, a town in Israel's Negev desert, the Maariv newspaper reported on Sunday. ",
                "priority": false,
                "createdAt": "2023-11-11T22:55:25.013Z",
                "updatedAt": "2023-11-14T18:31:06.148Z",
                "publishedAt": "2023-11-11T22:55:27.465Z",
                "proofUrl": "https://www.just-food.com/news/israel-nestle-to-up-stake-in-osem/?cf-view",
                "tags": null,
                "filename": "maggi.webp",
                "alternative": {
                    "data": null
                }
            }
        },
        {
            "id": 75,
            "attributes": {
                "name": "Magnum",
                "imageUrl": "https://mma.prnewswire.com/media/827274/MAGNUM_Ice_Cream_Logo.jpg?p=facebook",
                "proof": "Owned by **Unilever**.\n\n**Magnum** and Ben & Jerry's are owned by **Unilever**. When Ben & Jerry's decided to stop selling its products in Israel, **Unilever** sold off the Israeli distribution rights to Avi Zinger to circumvent their decision and to force Ben & Jerry's brand name to continue selling in Israel.",
                "priority": false,
                "createdAt": "2023-11-06T19:22:46.738Z",
                "updatedAt": "2023-11-14T18:30:52.453Z",
                "publishedAt": "2023-11-06T20:52:25.759Z",
                "proofUrl": "https://www.unilever.com/news/press-and-media/press-releases/2022/unilever-reaches-new-business-arrangement-for-ben-jerrys-in-israel/",
                "tags": null,
                "filename": "magnum.webp",
                "alternative": {
                    "data": {
                        "id": 35,
                        "attributes": {
                            "name": "Golf",
                            "imageUrl": "https://seeklogo.com/images/G/golf-dondurma-logo-141599D9D3-seeklogo.com.png",
                            "createdAt": "2023-11-12T12:47:24.833Z",
                            "updatedAt": "2023-11-14T19:55:18.814Z",
                            "publishedAt": "2023-11-12T12:47:25.562Z",
                            "filename": "golf.webp"
                        }
                    }
                }
            }
        },
        {
            "id": 168,
            "attributes": {
                "name": "Maille",
                "imageUrl": "https://logowik.com/content/uploads/images/maille-food2950.logowik.com.webp",
                "proof": "Owned by **Unilever**.\n\n**Maille** and Ben & Jerry's are owned by **Unilever**. When Ben & Jerry's decided to stop selling its products in Israel, **Unilever** sold off the Israeli distribution rights to Avi Zinger to circumvent their decision and to force Ben & Jerry's brand name to continue selling in Israel.",
                "priority": false,
                "createdAt": "2023-11-06T22:32:25.324Z",
                "updatedAt": "2023-11-14T18:31:26.884Z",
                "publishedAt": "2023-11-06T22:32:25.855Z",
                "proofUrl": "https://www.unilever.com/news/press-and-media/press-releases/2022/unilever-reaches-new-business-arrangement-for-ben-jerrys-in-israel/",
                "tags": null,
                "filename": "maille.webp",
                "alternative": {
                    "data": null
                }
            }
        },
        {
            "id": 392,
            "attributes": {
                "name": "Maison Francis KurkDjian",
                "imageUrl": "https://bluebellgroup.com/wp-content/uploads/2018/01/Logo_MaisonFrancisKurkdjian_3lignes-FondTransparent-1024x409.png",
                "proof": "**Maison Francis KurkDjian** is owned by **LVMH**.\n\nBernard Arnault, the chairman and **CEO** of **LMVH** Moet Hennessy-Louis Vuitton, and the world’s richest man according to Forbes, has **invested** in cybersecurity firm, **Wiz**, the **Israeli** maker of cloud security solutions for enterprises.",
                "priority": false,
                "createdAt": "2023-11-11T14:36:50.066Z",
                "updatedAt": "2023-11-14T18:31:49.042Z",
                "publishedAt": "2023-11-11T14:36:51.280Z",
                "proofUrl": "https://www.timesofisrael.com/luxury-goods-magnate-bernard-arnault-invests-in-israeli-cybersecurity-firm-wiz/",
                "tags": null,
                "filename": "maisonfranciskurkdjian.webp",
                "alternative": {
                    "data": null
                }
            }
        },
        {
            "id": 601,
            "attributes": {
                "name": "Maison Margiela Fragrances",
                "imageUrl": null,
                "proof": "**Maison Margiela Fragrances** is owned by **L'Oreal.**\n\n**34.70%** of L’Oreal is owned by Mrs. Francoise Bettencourt Meyers and her family. **20.1%** of L’ Oreal is owned by **Nestle**. Nestle began **investing** in **Israel** in 1995 by buying 10% of Israeli food maker **Osem** Investments, increasing its ownership to 50.1% two years later giving it the controlling share and now owns a 53.8 percent stake in Osem Swiss food giant Nestle will set up a global research and development center for snack foods next year in Sderot, a town in Israel's Negev desert, the Maariv.",
                "priority": false,
                "createdAt": "2023-11-18T22:15:03.353Z",
                "updatedAt": "2024-01-02T21:22:09.651Z",
                "publishedAt": "2023-11-20T00:14:12.269Z",
                "proofUrl": "https://www.loreal-finance.com/eng/share-ownership",
                "tags": null,
                "filename": "maisonmargiela.webp",
                "alternative": {
                    "data": {
                        "id": 36,
                        "attributes": {
                            "name": "Lush",
                            "imageUrl": "https://upload.wikimedia.org/wikipedia/commons/6/61/Lush_Logo.png",
                            "createdAt": "2023-11-12T15:16:38.196Z",
                            "updatedAt": "2023-11-14T19:56:36.791Z",
                            "publishedAt": "2023-11-12T15:16:39.631Z",
                            "filename": "lush.webp"
                        }
                    }
                }
            }
        },
        {
            "id": 386,
            "attributes": {
                "name": "Make Up For Ever",
                "imageUrl": "https://www.makeupforever.com/on/demandware.static/Sites-MakeUpForEver-US-Site/-/default/dw21401164/fontsicons/images/logo-iframe.png",
                "proof": "**Make Up For Ever** is owned by **LVMH**.\n\nBernard Arnault, the chairman and **CEO** of **LMVH** Moet Hennessy-Louis Vuitton, and the world’s richest man according to Forbes, has **invested** in cybersecurity firm, **Wiz**, the **Israeli** maker of cloud security solutions for enterprises.",
                "priority": false,
                "createdAt": "2023-11-11T14:30:53.266Z",
                "updatedAt": "2023-11-14T18:32:04.212Z",
                "publishedAt": "2023-11-11T14:30:54.355Z",
                "proofUrl": "https://www.timesofisrael.com/luxury-goods-magnate-bernard-arnault-invests-in-israeli-cybersecurity-firm-wiz/",
                "tags": null,
                "filename": "make-up-for-ever.webp",
                "alternative": {
                    "data": null
                }
            }
        },
        {
            "id": 34,
            "attributes": {
                "name": "Maltesers",
                "imageUrl": "https://assets.stickpng.com/images/60157b0b3900fa0004e9d8a9.png",
                "proof": "Owned by **Mars Inc**.\n\n**Mars** will support Israeli start-ups and the formation of companies, and will work together with leading Israeli academic institutions, such as the Hebrew University, the Weizmann Institute, the Technion, Migall and Tel Hai College, among others, to further Foodtech innovations.",
                "priority": false,
                "createdAt": "2023-11-06T18:26:44.724Z",
                "updatedAt": "2023-11-21T00:45:35.823Z",
                "publishedAt": "2023-11-06T20:52:25.759Z",
                "proofUrl": "https://www.foodmanufacturing.com/home/news/13251464/mars-incorporated-partners-with-jerusalem-venture-partners-to-foster-foodtech-solutions-in-israel",
                "tags": null,
                "filename": "malteser.webp",
                "alternative": {
                    "data": {
                        "id": 23,
                        "attributes": {
                            "name": "Torku",
                            "imageUrl": "https://seeklogo.com/images/T/torku-logo-8390D867D6-seeklogo.com.png",
                            "createdAt": "2023-11-12T11:03:48.666Z",
                            "updatedAt": "2023-11-14T19:57:56.721Z",
                            "publishedAt": "2023-11-12T11:03:49.313Z",
                            "filename": "torku.webp"
                        }
                    }
                }
            }
        },
        {
            "id": 412,
            "attributes": {
                "name": "Manzanita Sol",
                "imageUrl": "https://i1.sndcdn.com/artworks-00UpqZc8kGCxV9Vt-RtmiqA-t500x500.jpg",
                "proof": "Owned by **PepsiCo**.\n\n**PepsiCo** bought SodaStream for $3.2bn and owns 50% of Sabra both of which had taken advantage of the Israeli occupation of Palestine.",
                "priority": false,
                "createdAt": "2023-11-11T14:46:20.482Z",
                "updatedAt": "2023-11-14T18:32:27.172Z",
                "publishedAt": "2023-11-11T14:46:22.225Z",
                "proofUrl": "https://www.bloomberg.com/view/articles/2018-08-22/pepsico-s-sodastream-purchase-is-sweet-news-for-israelis?leadSource=uverify%20wall#xj4y7vzkg",
                "tags": null,
                "filename": "manzanita-sol.webp",
                "alternative": {
                    "data": {
                        "id": 24,
                        "attributes": {
                            "name": "Kızılay",
                            "imageUrl": "https://www.kizilayicecek.com.tr/media/5q4por04/kizilay_i%C3%A7ecek_logo.png",
                            "createdAt": "2023-11-12T11:05:38.236Z",
                            "updatedAt": "2023-11-14T19:56:07.340Z",
                            "publishedAt": "2023-11-12T11:05:38.885Z",
                            "filename": "kizilay.webp"
                        }
                    }
                }
            }
        },
        {
            "id": 555,
            "attributes": {
                "name": "Marabou",
                "imageUrl": null,
                "proof": "Owned by **Mondelez International, Inc.**\n\n**Mondelez International Inc.** on Nov. 10(2020) announced a seed investment in Torr FoodTech, an early stage company based in Israel that has developed proprietary technology Mondelez said “brings real, simple ingredients together to offer multi-textural, sensorial experiences.\"",
                "priority": false,
                "createdAt": "2023-11-16T19:41:00.067Z",
                "updatedAt": "2023-11-18T14:48:05.671Z",
                "publishedAt": "2023-11-18T15:16:54.661Z",
                "proofUrl": "https://www.foodbusinessnews.net/articles/17261-mondelez-invests-in-israel-food-tech-startup",
                "tags": null,
                "filename": "marabou.webp",
                "alternative": {
                    "data": null
                }
            }
        },
        {
            "id": 110,
            "attributes": {
                "name": "Marc Jacobs",
                "imageUrl": "https://upload.wikimedia.org/wikipedia/commons/thumb/4/49/Marc_Jacobs_logo.svg/2560px-Marc_Jacobs_logo.svg.png",
                "proof": "Marc Jacobs is owned by **LVMH**.\n\nBernard Arnault, the chairman and **CEO** of **LMVH** Moet Hennessy-Louis Vuitton, and the world’s richest man according to Forbes, has **invested** in cybersecurity firm, **Wiz**, the **Israeli** maker of cloud security solutions for enterprises.",
                "priority": false,
                "createdAt": "2023-11-06T20:59:42.249Z",
                "updatedAt": "2023-11-14T18:32:52.499Z",
                "publishedAt": "2023-11-06T20:59:43.238Z",
                "proofUrl": "https://www.timesofisrael.com/luxury-goods-magnate-bernard-arnault-invests-in-israeli-cybersecurity-firm-wiz/",
                "tags": null,
                "filename": "marc_jacobs.svg.webp",
                "alternative": {
                    "data": null
                }
            }
        },
        {
            "id": 212,
            "attributes": {
                "name": "Marks and Spencer / M&S",
                "imageUrl": "https://corporate.marksandspencer.com/sites/marksandspencer/files/styles/desktop/public/marksandspencer/logos/m-s-logo.png",
                "proof": "**Marks & Spencer** has been a pro zionist entity since its inception, with various members of its management openly declaring support for the zionist state. For over 100 years, they have been the biggest commercial conduit between Israel and the UK. More recently however, they have publicly distanced themselves from having 'political' ties and aims. And since the last statements in support of Israel were around the year 2000, it is difficult to tell how much their leadership supports Israel.",
                "priority": false,
                "createdAt": "2023-11-06T23:48:15.175Z",
                "updatedAt": "2023-11-14T18:33:01.933Z",
                "publishedAt": "2023-11-06T23:48:15.959Z",
                "proofUrl": "https://www.ihrc.org.uk/briefing-a-brief-chronology-of-the-marks-spencer-israel-relationship/",
                "tags": null,
                "filename": "marks-and-spencer.webp",
                "alternative": {
                    "data": null
                }
            }
        },
        {
            "id": 165,
            "attributes": {
                "name": "Marmite",
                "imageUrl": "https://cdn.sanity.io/images/92ui5egz/production/75d6fcedd6a92ead68906c3f06cab14bc8a27470-280x280.png?w=600&h=600&fit=crop&auto=format",
                "proof": "Owned by **Unilever**.\n\n**Marmite** and Ben & Jerry's are owned by **Unilever**. When Ben & Jerry's decided to stop selling its products in Israel, **Unilever** sold off the Israeli distribution rights to Avi Zinger to circumvent their decision and to force Ben & Jerry's brand name to continue selling in Israel.",
                "priority": false,
                "createdAt": "2023-11-06T22:31:45.790Z",
                "updatedAt": "2023-11-14T18:33:12.282Z",
                "publishedAt": "2023-11-06T22:31:46.722Z",
                "proofUrl": "https://www.unilever.com/news/press-and-media/press-releases/2022/unilever-reaches-new-business-arrangement-for-ben-jerrys-in-israel/",
                "tags": null,
                "filename": "marmite.webp",
                "alternative": {
                    "data": null
                }
            }
        },
        {
            "id": 19,
            "attributes": {
                "name": "Mars",
                "imageUrl": "https://logowik.com/content/uploads/images/mars9551.logowik.com.webp",
                "proof": "Owned by **Mars Inc**.\n\n**Mars** will support Israeli start-ups and the formation of companies, and will work together with leading Israeli academic institutions, such as the Hebrew University, the Weizmann Institute, the Technion, Migall and Tel Hai College, among others, to further Foodtech innovations.",
                "priority": false,
                "createdAt": "2023-11-06T18:10:57.901Z",
                "updatedAt": "2023-11-21T00:35:02.634Z",
                "publishedAt": "2023-11-06T20:52:25.759Z",
                "proofUrl": "https://www.foodmanufacturing.com/home/news/13251464/mars-incorporated-partners-with-jerusalem-venture-partners-to-foster-foodtech-solutions-in-israel",
                "tags": null,
                "filename": "mars.webp",
                "alternative": {
                    "data": null
                }
            }
        },
        {
            "id": 201,
            "attributes": {
                "name": "Massimo Dutti",
                "imageUrl": "https://download.logo.wine/logo/Massimo_Dutti/Massimo_Dutti-Logo.wine.png",
                "proof": "**Massimo Dutti** is a sister company of **Zara**\n\nJoey Schwebel, chairman of **Israel's Zara franchise**, hosted **anti-Palestinian** MK Itamar **Ben Gvir**(Palestinian-hating politician) for a campaign event a week prior to upcoming elections.",
                "priority": false,
                "createdAt": "2023-11-06T23:20:00.265Z",
                "updatedAt": "2024-01-02T21:31:40.423Z",
                "publishedAt": "2023-11-06T23:20:55.606Z",
                "proofUrl": "https://new.thecradle.co/articles/palestinians-boycott-zara-for-hosting-israeli-extremist",
                "tags": null,
                "filename": "massimo_dutti.webp",
                "alternative": {
                    "data": null
                }
            }
        },
        {
            "id": 425,
            "attributes": {
                "name": "MasterFoods",
                "imageUrl": "https://wasteinitiatives.com.au/wp-content/uploads/2021/09/masterfoods-logo.png",
                "proof": "Owned by **Mars Inc**.\n\n**Mars** will support Israeli start-ups and the formation of companies, and will work together with leading Israeli academic institutions, such as the Hebrew University, the Weizmann Institute, the Technion, Migall and Tel Hai College, among others, to further Foodtech innovations.",
                "priority": false,
                "createdAt": "2023-11-11T14:54:15.453Z",
                "updatedAt": "2023-11-21T00:45:44.639Z",
                "publishedAt": "2023-11-11T14:54:16.240Z",
                "proofUrl": "https://www.foodmanufacturing.com/home/news/13251464/mars-incorporated-partners-with-jerusalem-venture-partners-to-foster-foodtech-solutions-in-israel",
                "tags": null,
                "filename": "masterfoods.webp",
                "alternative": {
                    "data": null
                }
            }
        },
        {
            "id": 523,
            "attributes": {
                "name": "Mattel",
                "imageUrl": null,
                "proof": "\"We unequivocally stand in solidarity with Israel in the global fight against terrorism,” says a joint letter that was signed by 15 industry executives, including the CEO of **Mattel**.",
                "priority": false,
                "createdAt": "2023-11-14T14:57:09.502Z",
                "updatedAt": "2023-11-14T21:27:13.299Z",
                "publishedAt": "2023-11-20T00:14:12.269Z",
                "proofUrl": "https://variety.com/2023/film/news/hollywood-studios-israel-palestine-hamas-attacks-1235753540/",
                "tags": null,
                "filename": "mattel.webp",
                "alternative": {
                    "data": null
                }
            }
        },
        {
            "id": 414,
            "attributes": {
                "name": "Maui Style",
                "imageUrl": "https://static.wikia.nocookie.net/fritolay/images/4/4c/Maui_Style_Logo.png/revision/latest?cb=20150924153355&path-prefix=es",
                "proof": "Owned by **PepsiCo**.\n\n**PepsiCo** bought SodaStream for $3.2bn and owns 50% of Sabra both of which had taken advantage of the Israeli occupation of Palestine.",
                "priority": false,
                "createdAt": "2023-11-11T14:47:03.950Z",
                "updatedAt": "2023-11-14T18:33:51.536Z",
                "publishedAt": "2023-11-11T14:47:04.692Z",
                "proofUrl": "https://www.bloomberg.com/view/articles/2018-08-22/pepsico-s-sodastream-purchase-is-sweet-news-for-israelis?leadSource=uverify%20wall#xj4y7vzkg",
                "tags": null,
                "filename": "maui-style.webp",
                "alternative": {
                    "data": {
                        "id": 16,
                        "attributes": {
                            "name": "Croky",
                            "imageUrl": "https://www.makeitfly.group/sites/default/files/styles/inline_image/public/2023-05/logo%20%282%29.png?itok=Lhxib8Op",
                            "createdAt": "2023-11-08T13:20:25.221Z",
                            "updatedAt": "2023-11-14T19:54:34.498Z",
                            "publishedAt": "2023-11-08T13:20:27.024Z",
                            "filename": "croky.webp"
                        }
                    }
                }
            }
        },
        {
            "id": 97,
            "attributes": {
                "name": "Maybeline",
                "imageUrl": "https://upload.wikimedia.org/wikipedia/commons/thumb/a/a3/Maybelline-Logo.svg/1280px-Maybelline-Logo.svg.png",
                "proof": "**Maybeline** is owned By **L' Oreal**.\n\n**34.70%** of L’Oreal is owned by Mrs. Francoise **Bettencourt** Meyers and her family. **20.1%** of L’ Oreal is owned by **Nestle**. Nestle began investing in Israel in 1995 by buying 10% of Israeli food maker **Osem** Investments, increasing its ownership to 50.1% two years later giving it the controlling share and now owns a **53.8 percent stake** in Osem Swiss food giant Nestle will set up a global research and development center for snack foods next year in Sderot, a town in Israel's Negev desert, the Maariv.",
                "priority": false,
                "createdAt": "2023-11-06T20:22:59.366Z",
                "updatedAt": "2024-01-02T21:22:14.960Z",
                "publishedAt": "2023-11-06T20:52:25.759Z",
                "proofUrl": " https://www.loreal-finance.com/eng/share-ownership",
                "tags": null,
                "filename": "maybelline-new-york.webp",
                "alternative": {
                    "data": null
                }
            }
        },
        {
            "id": 556,
            "attributes": {
                "name": "Maynards Bassetts",
                "imageUrl": null,
                "proof": "Owned by **Mondelez International, Inc.**\n\n**Mondelez International Inc.** on Nov. 10(2020) announced a seed investment in Torr FoodTech, an early stage company based in Israel that has developed proprietary technology Mondelez said “brings real, simple ingredients together to offer multi-textural, sensorial experiences.\"",
                "priority": false,
                "createdAt": "2023-11-16T19:41:26.159Z",
                "updatedAt": "2023-11-18T14:47:56.812Z",
                "publishedAt": "2023-11-18T15:16:54.661Z",
                "proofUrl": "https://www.foodbusinessnews.net/articles/17261-mondelez-invests-in-israel-food-tech-startup",
                "tags": null,
                "filename": "maynards-bassetts.webp",
                "alternative": {
                    "data": null
                }
            }
        },
        {
            "id": 304,
            "attributes": {
                "name": "Meta Mucil",
                "imageUrl": "https://static.wikia.nocookie.net/logopedia/images/3/3a/Metamucil-2018.png/revision/latest/scale-to-width-down/250?cb=20221031000613",
                "proof": "Owned by **Procter and Gamble**.\n\n**Procter and Gamble** opened an R&D center in Tel Aviv, Occupied Palestine, in which it invests $2bn annually.",
                "priority": false,
                "createdAt": "2023-11-10T17:18:59.432Z",
                "updatedAt": "2023-11-14T18:34:24.288Z",
                "publishedAt": "2023-11-10T22:48:12.672Z",
                "proofUrl": "https://www.forbes.com/sites/ricardogeromel/2012/05/16/procter-and-gamble-israel-startup/?sh=766ad3d811f5",
                "tags": null,
                "filename": "meta-mucil.webp",
                "alternative": {
                    "data": null
                }
            }
        },
        {
            "id": 142,
            "attributes": {
                "name": "Michael Kors",
                "imageUrl": "https://seeklogo.com/images/M/michael-kors-logo-2D0B890759-seeklogo.com.png",
                "proof": "Micheal Kors is owned by **Estée Lauder**\n\n**Ronald Lauder**, who together with his brother Leonard Lauder inherited the Estee Lauder company, is the president of the **World Jewish Congress**, and chairman of the Jewish National Fund, and is a **zionist** with extremist views and financially and politically supports **Israeli** occupation of Palestinian land.",
                "priority": false,
                "createdAt": "2023-11-06T22:15:57.541Z",
                "updatedAt": "2023-11-14T18:34:35.636Z",
                "publishedAt": "2023-11-06T23:14:41.363Z",
                "proofUrl": "https://www.jnf.org/menu-3/speakers-bureau/bio-page?id=830973c9-caae-67a8-a4cf-ff000038378d",
                "tags": null,
                "filename": "michael-kors.webp",
                "alternative": {
                    "data": null
                }
            }
        },
        {
            "id": 298,
            "attributes": {
                "name": "Microban",
                "imageUrl": "https://images.ctfassets.net/su3f4fxan0r6/6dej9HKh8udBRNGOhPwDVA/9bd44b80ad6d4408466cc4b2efcf7463/Microban_US_EN_Microban24-Protection-That-Lives-On.png",
                "proof": "Owned by **Procter and Gamble**.\n\n**Procter and Gamble** opened an R&D center in Tel Aviv, Occupied Palestine, in which it invests $2bn annually.",
                "priority": false,
                "createdAt": "2023-11-10T17:08:41.324Z",
                "updatedAt": "2023-11-14T17:03:46.923Z",
                "publishedAt": "2023-11-10T22:48:05.579Z",
                "proofUrl": "https://www.forbes.com/sites/ricardogeromel/2012/05/16/procter-and-gamble-israel-startup/?sh=766ad3d811f5",
                "tags": null,
                "filename": "microban.webp",
                "alternative": {
                    "data": null
                }
            }
        },
        {
            "id": 64,
            "attributes": {
                "name": "Mikado",
                "imageUrl": "https://stock.wikimini.org/w/images/7/75/Logo_mikado.png",
                "proof": "Owned by **Mondelez International, Inc.**\n\n**Mondelez International Inc.** on Nov. 10(2020) announced a seed investment in Torr FoodTech, an early stage company based in Israel that has developed proprietary technology Mondelez said “brings real, simple ingredients together to offer multi-textural, sensorial experiences.\"",
                "priority": false,
                "createdAt": "2023-11-06T19:10:18.460Z",
                "updatedAt": "2023-11-14T17:04:53.342Z",
                "publishedAt": "2023-11-06T20:52:25.759Z",
                "proofUrl": "https://www.foodbusinessnews.net/articles/17261-mondelez-invests-in-israel-food-tech-startup",
                "tags": null,
                "filename": "mikado.webp",
                "alternative": {
                    "data": {
                        "id": 23,
                        "attributes": {
                            "name": "Torku",
                            "imageUrl": "https://seeklogo.com/images/T/torku-logo-8390D867D6-seeklogo.com.png",
                            "createdAt": "2023-11-12T11:03:48.666Z",
                            "updatedAt": "2023-11-14T19:57:56.721Z",
                            "publishedAt": "2023-11-12T11:03:49.313Z",
                            "filename": "torku.webp"
                        }
                    }
                }
            }
        },
        {
            "id": 56,
            "attributes": {
                "name": "Milka",
                "imageUrl": "https://1000logos.net/wp-content/uploads/2022/10/Milka-logo.png",
                "proof": "Owned by **Mondelez International, Inc.**\n\n**Mondelez International Inc.** on Nov. 10(2020) announced a seed investment in Torr FoodTech, an early stage company based in Israel that has developed proprietary technology Mondelez said “brings real, simple ingredients together to offer multi-textural, sensorial experiences.\"",
                "priority": false,
                "createdAt": "2023-11-06T18:59:35.882Z",
                "updatedAt": "2023-11-14T17:05:04.396Z",
                "publishedAt": "2023-11-06T20:52:25.759Z",
                "proofUrl": "https://www.foodbusinessnews.net/articles/17261-mondelez-invests-in-israel-food-tech-startup",
                "tags": null,
                "filename": "milka.webp",
                "alternative": {
                    "data": {
                        "id": 34,
                        "attributes": {
                            "name": "Tadelle",
                            "imageUrl": "https://marmarabati.com/images/1680430833.png",
                            "createdAt": "2023-11-12T12:08:11.213Z",
                            "updatedAt": "2023-11-14T19:57:38.728Z",
                            "publishedAt": "2023-11-12T12:08:29.753Z",
                            "filename": "tadelle.webp"
                        }
                    }
                }
            }
        },
        {
            "id": 195,
            "attributes": {
                "name": "Milkybar",
                "imageUrl": "https://www.nestle.com/sites/default/files/styles/thumbnail/public/asset-library/publishingimages/brands/chocolate-confectionery/milkybar-logo-round.png?itok=T2JexHQM",
                "proof": "Owned by **Nestlé**.\n\n**Nestlé** is 100% owned by swiss. **Nestlé** began investing in Israel in 1995 by buying 10% of Israeli food maker Osem Investments, increasing its ownership to 50.1% two years later giving it the controlling share and now owns a 53.8 percent stake in Osem Swiss food giant **Nestlé** will set up a global research and development centre for snack foods in Sderot, a town in Israel's Negev desert, the Maariv newspaper reported on Sunday. ",
                "priority": false,
                "createdAt": "2023-11-06T22:58:46.737Z",
                "updatedAt": "2023-11-14T17:05:14.708Z",
                "publishedAt": "2023-11-06T22:58:47.545Z",
                "proofUrl": "https://www.just-food.com/news/israel-nestle-to-up-stake-in-osem/?cf-view",
                "tags": null,
                "filename": "milkybar.webp",
                "alternative": {
                    "data": {
                        "id": 34,
                        "attributes": {
                            "name": "Tadelle",
                            "imageUrl": "https://marmarabati.com/images/1680430833.png",
                            "createdAt": "2023-11-12T12:08:11.213Z",
                            "updatedAt": "2023-11-14T19:57:38.728Z",
                            "publishedAt": "2023-11-12T12:08:29.753Z",
                            "filename": "tadelle.webp"
                        }
                    }
                }
            }
        },
        {
            "id": 30,
            "attributes": {
                "name": "Milkyway",
                "imageUrl": "https://1000logos.net/wp-content/uploads/2022/10/Milky-Way-logo.png",
                "proof": "Owned by **Mars Inc**.\n\n**Mars** will support Israeli start-ups and the formation of companies, and will work together with leading Israeli academic institutions, such as the Hebrew University, the Weizmann Institute, the Technion, Migall and Tel Hai College, among others, to further Foodtech innovations.",
                "priority": false,
                "createdAt": "2023-11-06T18:24:45.464Z",
                "updatedAt": "2023-11-21T00:46:09.068Z",
                "publishedAt": "2023-11-06T20:52:25.759Z",
                "proofUrl": "https://www.foodmanufacturing.com/home/news/13251464/mars-incorporated-partners-with-jerusalem-venture-partners-to-foster-foodtech-solutions-in-israel",
                "tags": null,
                "filename": "milkyway.webp",
                "alternative": {
                    "data": {
                        "id": 34,
                        "attributes": {
                            "name": "Tadelle",
                            "imageUrl": "https://marmarabati.com/images/1680430833.png",
                            "createdAt": "2023-11-12T12:08:11.213Z",
                            "updatedAt": "2023-11-14T19:57:38.728Z",
                            "publishedAt": "2023-11-12T12:08:29.753Z",
                            "filename": "tadelle.webp"
                        }
                    }
                }
            }
        },
        {
            "id": 155,
            "attributes": {
                "name": "Milo",
                "imageUrl": "https://live.staticflickr.com/2878/9782396475_c0072df08d_b.jpg",
                "proof": "Owned by **Nestlé**.\n\n**Nestlé** is 100% owned by swiss. **Nestlé** began investing in Israel in 1995 by buying 10% of Israeli food maker Osem Investments, increasing its ownership to 50.1% two years later giving it the controlling share and now owns a 53.8 percent stake in Osem Swiss food giant **Nestlé** will set up a global research and development centre for snack foods in Sderot, a town in Israel's Negev desert, the Maariv newspaper reported on Sunday. ",
                "priority": false,
                "createdAt": "2023-11-06T22:22:42.013Z",
                "updatedAt": "2023-11-14T17:05:50.460Z",
                "publishedAt": "2023-11-06T23:14:41.363Z",
                "proofUrl": "https://www.just-food.com/news/israel-nestle-to-up-stake-in-osem/?cf-view",
                "tags": null,
                "filename": "milo.webp",
                "alternative": {
                    "data": null
                }
            }
        },
        {
            "id": 423,
            "attributes": {
                "name": "Miracoli",
                "imageUrl": "https://www.miracoli.be/sites/g/files/fnmzdf4381/files/logo.png",
                "proof": "Owned by **Mars Inc**.\n\n**Mars** will support Israeli start-ups and the formation of companies, and will work together with leading Israeli academic institutions, such as the Hebrew University, the Weizmann Institute, the Technion, Migall and Tel Hai College, among others, to further Foodtech innovations.",
                "priority": false,
                "createdAt": "2023-11-11T14:53:38.727Z",
                "updatedAt": "2023-11-21T00:46:04.749Z",
                "publishedAt": "2023-11-11T14:53:39.573Z",
                "proofUrl": "https://www.foodmanufacturing.com/home/news/13251464/mars-incorporated-partners-with-jerusalem-venture-partners-to-foster-foodtech-solutions-in-israel",
                "tags": null,
                "filename": "miracoli.webp",
                "alternative": {
                    "data": null
                }
            }
        },
        {
            "id": 347,
            "attributes": {
                "name": "Mirinda",
                "imageUrl": "https://1000logos.net/wp-content/uploads/2021/03/Mirinda-Logo.jpg",
                "proof": "Owned by **PepsiCo**.\n\n**PepsiCo** bought SodaStream for $3.2bn and owns 50% of Sabra both of which had taken advantage of the Israeli occupation of Palestine.",
                "priority": false,
                "createdAt": "2023-11-11T14:03:25.756Z",
                "updatedAt": "2023-11-14T17:06:32.699Z",
                "publishedAt": "2023-11-11T14:03:26.533Z",
                "proofUrl": "https://www.bloomberg.com/view/articles/2018-08-22/pepsico-s-sodastream-purchase-is-sweet-news-for-israelis?leadSource=uverify%20wall#xj4y7vzkg",
                "tags": null,
                "filename": "mirinda.webp",
                "alternative": {
                    "data": {
                        "id": 28,
                        "attributes": {
                            "name": "Uludağ İçecek",
                            "imageUrl": "https://www.uludagicecek.com.tr/_assets/img/logo.png",
                            "createdAt": "2023-11-12T11:43:26.570Z",
                            "updatedAt": "2023-11-14T19:58:30.847Z",
                            "publishedAt": "2023-11-12T11:43:27.182Z",
                            "filename": "uludag.webp"
                        }
                    }
                }
            }
        },
        {
            "id": 416,
            "attributes": {
                "name": "Miss Vickies",
                "imageUrl": "https://upload.wikimedia.org/wikipedia/fr/3/34/Miss_Vickie%27s_logo.webp",
                "proof": "Owned by **PepsiCo**.\n\n**PepsiCo** bought SodaStream for $3.2bn and owns 50% of Sabra both of which had taken advantage of the Israeli occupation of Palestine.",
                "priority": false,
                "createdAt": "2023-11-11T14:47:55.929Z",
                "updatedAt": "2023-11-14T17:06:47.648Z",
                "publishedAt": "2023-11-11T14:47:56.649Z",
                "proofUrl": "https://www.bloomberg.com/view/articles/2018-08-22/pepsico-s-sodastream-purchase-is-sweet-news-for-israelis?leadSource=uverify%20wall#xj4y7vzkg",
                "tags": null,
                "filename": "miss-vickies.webp",
                "alternative": {
                    "data": {
                        "id": 16,
                        "attributes": {
                            "name": "Croky",
                            "imageUrl": "https://www.makeitfly.group/sites/default/files/styles/inline_image/public/2023-05/logo%20%282%29.png?itok=Lhxib8Op",
                            "createdAt": "2023-11-08T13:20:25.221Z",
                            "updatedAt": "2023-11-14T19:54:34.498Z",
                            "publishedAt": "2023-11-08T13:20:27.024Z",
                            "filename": "croky.webp"
                        }
                    }
                }
            }
        },
        {
            "id": 227,
            "attributes": {
                "name": "Monday.com",
                "imageUrl": "https://ceblog.s3.amazonaws.com/wp-content/uploads/2020/11/13182233/Monday-Logo-1.png",
                "proof": "**Monday.com** is an Israeli start up operating out of Occupied Palestine.",
                "priority": false,
                "createdAt": "2023-11-07T13:05:55.185Z",
                "updatedAt": "2023-11-14T17:07:24.371Z",
                "publishedAt": "2023-11-07T13:05:56.324Z",
                "proofUrl": "https://investorplace.com/2021/06/mndy-stock-ipo-what-to-know-as-monday-com-starts-trading-today/",
                "tags": null,
                "filename": "monday.webp",
                "alternative": {
                    "data": null
                }
            }
        },
        {
            "id": 52,
            "attributes": {
                "name": "Mondelez International, Inc.",
                "imageUrl": "https://upload.wikimedia.org/wikipedia/commons/thumb/c/c7/Mondelez_international_2012_logo.svg/2560px-Mondelez_international_2012_logo.svg.png",
                "proof": "**Mondelez International Inc.** on Nov. 10(2020) announced a seed investment in Torr FoodTech, an early stage company based in Israel that has developed proprietary technology.",
                "priority": false,
                "createdAt": "2023-11-06T18:53:16.984Z",
                "updatedAt": "2023-11-14T17:09:08.856Z",
                "publishedAt": "2023-11-06T20:52:25.759Z",
                "proofUrl": "https://www.foodbusinessnews.net/articles/17261-mondelez-invests-in-israel-food-tech-startup",
                "tags": null,
                "filename": "mondelez-international.webp",
                "alternative": {
                    "data": null
                }
            }
        },
        {
            "id": 340,
            "attributes": {
                "name": "Monster Energy",
                "imageUrl": "https://www.hatchwise.com/wp-content/uploads/2022/01/Monster-Energy-Symbol-1024x576.png",
                "proof": "**The Coca-Cola Company** owns an approximate 16.7% stake in **Monster Energy** .\n\n**Coca-Cola Israel** owns dairy farms in the illegal Israeli settlements of Shadmot Mechola in the Jordan Valley and a plant in the industrial zone of Katzerin in the occupied Golan Heights.",
                "priority": false,
                "createdAt": "2023-11-11T13:48:57.048Z",
                "updatedAt": "2023-11-14T17:09:38.603Z",
                "publishedAt": "2023-11-11T13:49:14.694Z",
                "proofUrl": "http://www.inminds.com/boycott-coca-cola.html",
                "tags": null,
                "filename": "monster-energy.webp",
                "alternative": {
                    "data": {
                        "id": 40,
                        "attributes": {
                            "name": "Meysu",
                            "imageUrl": "https://seeklogo.com/images/M/meysu-logo-96F1807DD1-seeklogo.com.png",
                            "createdAt": "2023-11-12T22:53:32.365Z",
                            "updatedAt": "2023-11-14T19:56:46.949Z",
                            "publishedAt": "2023-11-12T22:53:35.564Z",
                            "filename": "meysu.webp"
                        }
                    }
                }
            }
        },
        {
            "id": 228,
            "attributes": {
                "name": "Moovit",
                "imageUrl": "https://encrypted-tbn0.gstatic.com/images?q=tbn:ANd9GcTtmGGog03Rp28l-WS8xL5iCUJakSfX14s_qdxOuOkJ&s",
                "proof": "Founder, Uri Levine, is a zionist who is also ex-IDF (also founded waze).",
                "priority": false,
                "createdAt": "2023-11-07T13:10:17.179Z",
                "updatedAt": "2023-11-14T17:10:58.536Z",
                "publishedAt": "2023-11-07T13:10:18.247Z",
                "proofUrl": "https://twitter.com/UriLevine1",
                "tags": null,
                "filename": "moovit.webp",
                "alternative": {
                    "data": null
                }
            }
        },
        {
            "id": 229,
            "attributes": {
                "name": "Motorola",
                "imageUrl": "https://cdn.lovesavingsgroup.com/logos/motorola.jpg",
                "proof": "The IDF uses **Motorola** as a main supplier for its communication equipment which enables them to effectively control the occupied Palestinians. They also manufacture the bomb fuses used in IDF bombs.",
                "priority": false,
                "createdAt": "2023-11-07T13:11:20.194Z",
                "updatedAt": "2023-11-14T17:11:13.602Z",
                "publishedAt": "2023-11-07T13:11:21.191Z",
                "proofUrl": "http://www.inminds.co.uk/boycott-motorola.php",
                "tags": null,
                "filename": "motorola.webp",
                "alternative": {
                    "data": null
                }
            }
        },
        {
            "id": 355,
            "attributes": {
                "name": "Moynat",
                "imageUrl": "https://r.lvmh-static.com/uploads/2016/10/logo-moynat.png",
                "proof": "**MOYNAT** is owned by **LVMH**.\n\nBernard Arnault, the chairman and **CEO** of **LMVH** Moet Hennessy-Louis Vuitton, and the world’s richest man according to Forbes, has **invested** in cybersecurity firm, **Wiz**, the **Israeli** maker of cloud security solutions for enterprises.",
                "priority": false,
                "createdAt": "2023-11-11T14:08:13.093Z",
                "updatedAt": "2023-11-14T17:13:00.356Z",
                "publishedAt": "2023-11-11T14:08:41.203Z",
                "proofUrl": "https://www.timesofisrael.com/luxury-goods-magnate-bernard-arnault-invests-in-israeli-cybersecurity-firm-wiz/",
                "tags": null,
                "filename": "moynat.webp",
                "alternative": {
                    "data": null
                }
            }
        },
        {
            "id": 619,
            "attributes": {
                "name": "MTV",
                "imageUrl": null,
                "proof": "Owned by **Paramount Global**.\n\n**Paramount Global** stated, 'We stand with the people of Israel and the global Jewish community.\"",
                "priority": false,
                "createdAt": "2023-11-19T23:36:55.412Z",
                "updatedAt": "2023-11-20T00:06:07.156Z",
                "publishedAt": "2023-11-20T00:14:12.269Z",
                "proofUrl": "https://variety.com/2023/film/news/hollywood-studios-israel-palestine-hamas-attacks-1235753540/",
                "tags": null,
                "filename": "MTV.webp",
                "alternative": {
                    "data": null
                }
            }
        },
        {
            "id": 593,
            "attributes": {
                "name": "Mugler",
                "imageUrl": null,
                "proof": "**Mugler** is owned by **L'Oreal.**\n\n**34.70%** of L’Oreal is owned by Mrs. Francoise Bettencourt Meyers and her family. **20.1%** of L’ Oreal is owned by **Nestle**. Nestle began **investing** in **Israel** in 1995 by buying 10% of Israeli food maker **Osem** Investments, increasing its ownership to 50.1% two years later giving it the controlling share and now owns a 53.8 percent stake in Osem Swiss food giant Nestle will set up a global research and development center for snack foods next year in Sderot, a town in Israel's Negev desert, the Maariv.",
                "priority": false,
                "createdAt": "2023-11-18T22:09:57.163Z",
                "updatedAt": "2024-01-02T21:22:19.462Z",
                "publishedAt": "2023-11-20T00:14:12.269Z",
                "proofUrl": "https://www.loreal-finance.com/eng/share-ownership",
                "tags": null,
                "filename": "mugler.webp",
                "alternative": {
                    "data": {
                        "id": 36,
                        "attributes": {
                            "name": "Lush",
                            "imageUrl": "https://upload.wikimedia.org/wikipedia/commons/6/61/Lush_Logo.png",
                            "createdAt": "2023-11-12T15:16:38.196Z",
                            "updatedAt": "2023-11-14T19:56:36.791Z",
                            "publishedAt": "2023-11-12T15:16:39.631Z",
                            "filename": "lush.webp"
                        }
                    }
                }
            }
        },
        {
            "id": 45,
            "attributes": {
                "name": "Munchies",
                "imageUrl": "https://images-platform.99static.com/SfR_kV_2porJTcZLeZ6E8CVELmM=/500x500/top/smart/99designs-contests-attachments/60/60224/attachment_60224532",
                "proof": "Owned by **PepsiCo**.\n\n**PepsiCo** bought SodaStream for $3.2bn and owns 50% of Sabra both of which had taken advantage of the Israeli occupation of Palestine.",
                "priority": false,
                "createdAt": "2023-11-06T18:45:49.204Z",
                "updatedAt": "2023-11-14T17:13:52.384Z",
                "publishedAt": "2023-11-06T20:52:25.759Z",
                "proofUrl": "https://www.bloomberg.com/view/articles/2018-08-22/pepsico-s-sodastream-purchase-is-sweet-news-for-israelis?leadSource=uverify%20wall#xj4y7vzkg",
                "tags": null,
                "filename": "munchies.webp",
                "alternative": {
                    "data": {
                        "id": 15,
                        "attributes": {
                            "name": "Ülker",
                            "imageUrl": "https://upload.wikimedia.org/wikipedia/commons/thumb/3/38/%C3%9Clker_logo.svg/2560px-%C3%9Clker_logo.svg.png",
                            "createdAt": "2023-11-08T13:13:41.584Z",
                            "updatedAt": "2023-11-14T19:58:19.444Z",
                            "publishedAt": "2023-11-08T13:13:42.946Z",
                            "filename": "ulker.webp"
                        }
                    }
                }
            }
        },
        {
            "id": 417,
            "attributes": {
                "name": "Munchos",
                "imageUrl": "https://upload.wikimedia.org/wikipedia/commons/c/c6/Munchos_brand_logo.png",
                "proof": "Owned by **PepsiCo**.\n\n**PepsiCo** bought SodaStream for $3.2bn and owns 50% of Sabra both of which had taken advantage of the Israeli occupation of Palestine.",
                "priority": false,
                "createdAt": "2023-11-11T14:48:32.513Z",
                "updatedAt": "2023-11-14T17:14:07.314Z",
                "publishedAt": "2023-11-11T14:49:46.078Z",
                "proofUrl": "https://www.bloomberg.com/view/articles/2018-08-22/pepsico-s-sodastream-purchase-is-sweet-news-for-israelis?leadSource=uverify%20wall#xj4y7vzkg",
                "tags": null,
                "filename": "munchos.webp",
                "alternative": {
                    "data": {
                        "id": 16,
                        "attributes": {
                            "name": "Croky",
                            "imageUrl": "https://www.makeitfly.group/sites/default/files/styles/inline_image/public/2023-05/logo%20%282%29.png?itok=Lhxib8Op",
                            "createdAt": "2023-11-08T13:20:25.221Z",
                            "updatedAt": "2023-11-14T19:54:34.498Z",
                            "publishedAt": "2023-11-08T13:20:27.024Z",
                            "filename": "croky.webp"
                        }
                    }
                }
            }
        },
        {
            "id": 169,
            "attributes": {
                "name": "Muscle Milk",
                "imageUrl": "https://sportsrd.org/wp-content/uploads/2015/01/muscle-milk-logo.jpg",
                "proof": "Owned by **PepsiCo**.\n\n**PepsiCo** bought SodaStream for $3.2bn and owns 50% of Sabra both of which had taken advantage of the Israeli occupation of Palestine.",
                "priority": false,
                "createdAt": "2023-11-06T22:32:35.526Z",
                "updatedAt": "2023-11-14T17:14:24.303Z",
                "publishedAt": "2023-11-06T23:14:52.571Z",
                "proofUrl": "https://www.bloomberg.com/view/articles/2018-08-22/pepsico-s-sodastream-purchase-is-sweet-news-for-israelis?leadSource=uverify%20wall#xj4y7vzkg",
                "tags": null,
                "filename": "muscle-milk.webp",
                "alternative": {
                    "data": null
                }
            }
        },
        {
            "id": 296,
            "attributes": {
                "name": "My Black Is Beautiful",
                "imageUrl": "https://mma.prnewswire.com/media/898010/MBIB_PLATFORM_GOLD_BLK.jpg?p=facebook",
                "proof": "Owned by **Procter and Gamble**.\n\n**Procter and Gamble** opened an R&D center in Tel Aviv, Occupied Palestine, in which it invests $2bn annually.",
                "priority": false,
                "createdAt": "2023-11-10T17:05:48.922Z",
                "updatedAt": "2023-11-14T17:14:41.906Z",
                "publishedAt": "2023-11-10T22:48:05.579Z",
                "proofUrl": "https://www.forbes.com/sites/ricardogeromel/2012/05/16/procter-and-gamble-israel-startup/?sh=766ad3d811f5",
                "tags": null,
                "filename": "my-black-is-beautiful.webp",
                "alternative": {
                    "data": null
                }
            }
        },
        {
            "id": 308,
            "attributes": {
                "name": "Native",
                "imageUrl": "https://static.wikia.nocookie.net/logopedia/images/0/00/Native_logo.jpg/revision/latest?cb=20201205150506",
                "proof": "Owned by **Procter and Gamble**.\n\n**Procter and Gamble** opened an R&D center in Tel Aviv, Occupied Palestine, in which it invests $2bn annually.",
                "priority": false,
                "createdAt": "2023-11-10T17:25:44.399Z",
                "updatedAt": "2023-11-14T17:15:04.490Z",
                "publishedAt": "2023-11-10T22:48:17.786Z",
                "proofUrl": "https://www.forbes.com/sites/ricardogeromel/2012/05/16/procter-and-gamble-israel-startup/?sh=766ad3d811f5",
                "tags": null,
                "filename": "native.webp",
                "alternative": {
                    "data": {
                        "id": 36,
                        "attributes": {
                            "name": "Lush",
                            "imageUrl": "https://upload.wikimedia.org/wikipedia/commons/6/61/Lush_Logo.png",
                            "createdAt": "2023-11-12T15:16:38.196Z",
                            "updatedAt": "2023-11-14T19:56:36.791Z",
                            "publishedAt": "2023-11-12T15:16:39.631Z",
                            "filename": "lush.webp"
                        }
                    }
                }
            }
        },
        {
            "id": 419,
            "attributes": {
                "name": "NatuChips",
                "imageUrl": "https://share.snacks.com/images/v2/webp/logos/natuChips-pdp.webp",
                "proof": "Owned by **PepsiCo**.\n\n**PepsiCo** bought SodaStream for $3.2bn and owns 50% of Sabra both of which had taken advantage of the Israeli occupation of Palestine.",
                "priority": false,
                "createdAt": "2023-11-11T14:50:25.311Z",
                "updatedAt": "2023-11-14T17:15:21.384Z",
                "publishedAt": "2023-11-11T14:50:26.723Z",
                "proofUrl": "https://www.bloomberg.com/view/articles/2018-08-22/pepsico-s-sodastream-purchase-is-sweet-news-for-israelis?leadSource=uverify%20wall#xj4y7vzkg",
                "tags": null,
                "filename": "natuchips.webp",
                "alternative": {
                    "data": {
                        "id": 16,
                        "attributes": {
                            "name": "Croky",
                            "imageUrl": "https://www.makeitfly.group/sites/default/files/styles/inline_image/public/2023-05/logo%20%282%29.png?itok=Lhxib8Op",
                            "createdAt": "2023-11-08T13:20:25.221Z",
                            "updatedAt": "2023-11-14T19:54:34.498Z",
                            "publishedAt": "2023-11-08T13:20:27.024Z",
                            "filename": "croky.webp"
                        }
                    }
                }
            }
        },
        {
            "id": 39,
            "attributes": {
                "name": "Nature's Bakery",
                "imageUrl": "https://mma.prnewswire.com/media/831546/Natures_Bakery_Logo.jpg?p=facebook",
                "proof": "Owned by **Mars Inc**.\n\n**Mars** will support Israeli start-ups and the formation of companies, and will work together with leading Israeli academic institutions, such as the Hebrew University, the Weizmann Institute, the Technion, Migall and Tel Hai College, among others, to further Foodtech innovations.",
                "priority": false,
                "createdAt": "2023-11-06T18:31:28.062Z",
                "updatedAt": "2023-11-21T00:45:55.478Z",
                "publishedAt": "2023-11-06T20:52:25.759Z",
                "proofUrl": "https://www.foodmanufacturing.com/home/news/13251464/mars-incorporated-partners-with-jerusalem-venture-partners-to-foster-foodtech-solutions-in-israel",
                "tags": null,
                "filename": "natures-bakery.webp",
                "alternative": {
                    "data": {
                        "id": 15,
                        "attributes": {
                            "name": "Ülker",
                            "imageUrl": "https://upload.wikimedia.org/wikipedia/commons/thumb/3/38/%C3%9Clker_logo.svg/2560px-%C3%9Clker_logo.svg.png",
                            "createdAt": "2023-11-08T13:13:41.584Z",
                            "updatedAt": "2023-11-14T19:58:19.444Z",
                            "publishedAt": "2023-11-08T13:13:42.946Z",
                            "filename": "ulker.webp"
                        }
                    }
                }
            }
        },
        {
            "id": 488,
            "attributes": {
                "name": "NaturNes",
                "imageUrl": "https://assets.stickpng.com/images/601d81a5abab6a0004c7f020.png",
                "proof": "Owned by **Nestlé**.\n\n**Nestlé** is 100% owned by swiss. **Nestlé** began investing in Israel in 1995 by buying 10% of Israeli food maker Osem Investments, increasing its ownership to 50.1% two years later giving it the controlling share and now owns a 53.8 percent stake in Osem Swiss food giant **Nestlé** will set up a global research and development centre for snack foods in Sderot, a town in Israel's Negev desert, the Maariv newspaper reported on Sunday. ",
                "priority": false,
                "createdAt": "2023-11-11T19:18:05.983Z",
                "updatedAt": "2023-11-14T17:16:12.773Z",
                "publishedAt": "2023-11-11T19:18:08.614Z",
                "proofUrl": "https://www.just-food.com/news/israel-nestle-to-up-stake-in-osem/?cf-view",
                "tags": null,
                "filename": "naturnes.webp",
                "alternative": {
                    "data": null
                }
            }
        },
        {
            "id": 420,
            "attributes": {
                "name": "Near East",
                "imageUrl": "https://middlebury.coop/wp-content/uploads/2022/03/FP598_NearEast_Logo_trans_@2x.png",
                "proof": "Owned by **PepsiCo**.\n\n**PepsiCo** bought SodaStream for $3.2bn and owns 50% of Sabra both of which had taken advantage of the Israeli occupation of Palestine.",
                "priority": false,
                "createdAt": "2023-11-11T14:51:38.307Z",
                "updatedAt": "2023-11-14T17:16:36.278Z",
                "publishedAt": "2023-11-11T14:51:39.079Z",
                "proofUrl": "https://www.bloomberg.com/view/articles/2018-08-22/pepsico-s-sodastream-purchase-is-sweet-news-for-israelis?leadSource=uverify%20wall#xj4y7vzkg",
                "tags": null,
                "filename": "near-east.webp",
                "alternative": {
                    "data": null
                }
            }
        }
    ],
    "meta": {
        "pagination": {
            "start": 350,
            "limit": 50,
            "total": 620
        }
    }
}