
{
    "data": [
        {
            "id": 435,
            "attributes": {
                "name": "PopCorners",
                "imageUrl": "https://upload.wikimedia.org/wikipedia/commons/5/5f/PopCornerslogo.png",
                "proof": "Owned by **PepsiCo**.\n\n**PepsiCo** bought SodaStream for $3.2bn and owns 50% of Sabra both of which had taken advantage of the Israeli occupation of Palestine.",
                "priority": false,
                "createdAt": "2023-11-11T14:56:54.211Z",
                "updatedAt": "2023-11-14T17:31:30.357Z",
                "publishedAt": "2023-11-11T14:56:54.844Z",
                "proofUrl": "https://www.bloomberg.com/view/articles/2018-08-22/pepsico-s-sodastream-purchase-is-sweet-news-for-israelis?leadSource=uverify%20wall#xj4y7vzkg",
                "tags": null,
                "filename": "popcorners.webp",
                "alternative": {
                    "data": {
                        "id": 16,
                        "attributes": {
                            "name": "Croky",
                            "imageUrl": "https://www.makeitfly.group/sites/default/files/styles/inline_image/public/2023-05/logo%20%282%29.png?itok=Lhxib8Op",
                            "createdAt": "2023-11-08T13:20:25.221Z",
                            "updatedAt": "2023-11-14T19:54:34.498Z",
                            "publishedAt": "2023-11-08T13:20:27.024Z",
                            "filename": "croky.webp"
                        }
                    }
                }
            }
        },
        {
            "id": 625,
            "attributes": {
                "name": "Pop TV",
                "imageUrl": null,
                "proof": "Owned by **Paramount Global**.\n\n**Paramount Global** stated, 'We stand with the people of Israel and the global Jewish community.\"",
                "priority": false,
                "createdAt": "2023-11-19T23:44:38.080Z",
                "updatedAt": "2023-11-19T23:44:38.080Z",
                "publishedAt": "2023-11-20T00:14:12.269Z",
                "proofUrl": "https://variety.com/2023/film/news/hollywood-studios-israel-palestine-hamas-attacks-1235753540/",
                "tags": null,
                "filename": "Pop_Network_Logo.webp",
                "alternative": {
                    "data": null
                }
            }
        },
        {
            "id": 353,
            "attributes": {
                "name": "Popworks",
                "imageUrl": "https://pbs.twimg.com/profile_images/1374861075456344064/GSP4UG8V_400x400.jpg",
                "proof": "Owned by **PepsiCo**.\n\n**PepsiCo** bought SodaStream for $3.2bn and owns 50% of Sabra both of which had taken advantage of the Israeli occupation of Palestine.",
                "priority": false,
                "createdAt": "2023-11-11T14:06:47.184Z",
                "updatedAt": "2023-11-14T17:33:50.960Z",
                "publishedAt": "2023-11-11T14:06:48.139Z",
                "proofUrl": "https://www.bloomberg.com/view/articles/2018-08-22/pepsico-s-sodastream-purchase-is-sweet-news-for-israelis?leadSource=uverify%20wall#xj4y7vzkg",
                "tags": null,
                "filename": "popworks.webp",
                "alternative": {
                    "data": {
                        "id": 16,
                        "attributes": {
                            "name": "Croky",
                            "imageUrl": "https://www.makeitfly.group/sites/default/files/styles/inline_image/public/2023-05/logo%20%282%29.png?itok=Lhxib8Op",
                            "createdAt": "2023-11-08T13:20:25.221Z",
                            "updatedAt": "2023-11-14T19:54:34.498Z",
                            "publishedAt": "2023-11-08T13:20:27.024Z",
                            "filename": "croky.webp"
                        }
                    }
                }
            }
        },
        {
            "id": 163,
            "attributes": {
                "name": "Pot Noodle",
                "imageUrl": "https://cdn.sanity.io/images/92ui5egz/production/9922f7268ca3c5c916e5bc3c7ee4e1e5532e8ec9-1080x1080.png?w=600&h=600&fit=crop&auto=format",
                "proof": "Owned by **Unilever**.\n\n**Pot Noodle** and Ben & Jerry's are owned by **Unilever**. When Ben & Jerry's decided to stop selling its products in Israel, **Unilever** sold off the Israeli distribution rights to Avi Zinger to circumvent their decision and to force Ben & Jerry's brand name to continue selling in Israel.",
                "priority": false,
                "createdAt": "2023-11-06T22:30:40.476Z",
                "updatedAt": "2023-11-14T17:34:08.063Z",
                "publishedAt": "2023-11-06T22:30:41.434Z",
                "proofUrl": "https://www.unilever.com/news/press-and-media/press-releases/2022/unilever-reaches-new-business-arrangement-for-ben-jerrys-in-israel/",
                "tags": null,
                "filename": "potnoodle.webp",
                "alternative": {
                    "data": null
                }
            }
        },
        {
            "id": 126,
            "attributes": {
                "name": "Powerade",
                "imageUrl": "https://logowik.com/content/uploads/images/powerade374.logowik.com.webp",
                "proof": "Owned by **The Coca-Cola Company**.\n\n**Coca-Cola Israel** owns dairy farms in the illegal Israeli settlements of Shadmot Mechola in the Jordan Valley and a plant in the industrial zone of Katzerin in the occupied Golan Heights.",
                "priority": false,
                "createdAt": "2023-11-06T21:43:01.628Z",
                "updatedAt": "2023-11-14T17:34:22.669Z",
                "publishedAt": "2023-11-06T21:51:04.053Z",
                "proofUrl": "http://www.inminds.com/boycott-coca-cola.html",
                "tags": null,
                "filename": "powerade.webp",
                "alternative": {
                    "data": null
                }
            }
        },
        {
            "id": 244,
            "attributes": {
                "name": "PowerBar",
                "imageUrl": "https://sport.powerbar.com/wp-content/uploads/powerbar-logo.png",
                "proof": "Owned by **Nestlé**.\n\n**Nestlé** is 100% owned by swiss. **Nestlé** began investing in Israel in 1995 by buying 10% of Israeli food maker Osem Investments, increasing its ownership to 50.1% two years later giving it the controlling share and now owns a 53.8 percent stake in Osem Swiss food giant **Nestlé** will set up a global research and development centre for snack foods in Sderot, a town in Israel's Negev desert, the Maariv newspaper reported on Sunday. ",
                "priority": false,
                "createdAt": "2023-11-08T22:58:42.099Z",
                "updatedAt": "2023-11-14T17:34:42.346Z",
                "publishedAt": "2023-11-08T22:58:43.589Z",
                "proofUrl": "https://www.just-food.com/news/israel-nestle-to-up-stake-in-osem/?cf-view",
                "tags": null,
                "filename": "powerbar.webp",
                "alternative": {
                    "data": {
                        "id": 34,
                        "attributes": {
                            "name": "Tadelle",
                            "imageUrl": "https://marmarabati.com/images/1680430833.png",
                            "createdAt": "2023-11-12T12:08:11.213Z",
                            "updatedAt": "2023-11-14T19:57:38.728Z",
                            "publishedAt": "2023-11-12T12:08:29.753Z",
                            "filename": "tadelle.webp"
                        }
                    }
                }
            }
        },
        {
            "id": 602,
            "attributes": {
                "name": "Prada",
                "imageUrl": null,
                "proof": "**Prada** is owned by **L'Oreal.**\n\n**34.70%** of L’Oreal is owned by Mrs. Francoise Bettencourt Meyers and her family. **20.1%** of L’ Oreal is owned by **Nestle**. Nestle began **investing** in **Israel** in 1995 by buying 10% of Israeli food maker **Osem** Investments, increasing its ownership to 50.1% two years later giving it the controlling share and now owns a 53.8 percent stake in Osem Swiss food giant Nestle will set up a global research and development center for snack foods next year in Sderot, a town in Israel's Negev desert, the Maariv.",
                "priority": false,
                "createdAt": "2023-11-18T22:15:50.399Z",
                "updatedAt": "2024-01-02T21:22:34.129Z",
                "publishedAt": "2023-11-20T00:14:12.269Z",
                "proofUrl": "https://www.loreal-finance.com/eng/share-ownership",
                "tags": null,
                "filename": "prada.webp",
                "alternative": {
                    "data": {
                        "id": 36,
                        "attributes": {
                            "name": "Lush",
                            "imageUrl": "https://upload.wikimedia.org/wikipedia/commons/6/61/Lush_Logo.png",
                            "createdAt": "2023-11-12T15:16:38.196Z",
                            "updatedAt": "2023-11-14T19:56:36.791Z",
                            "publishedAt": "2023-11-12T15:16:39.631Z",
                            "filename": "lush.webp"
                        }
                    }
                }
            }
        },
        {
            "id": 234,
            "attributes": {
                "name": "Priceline",
                "imageUrl": "https://www.bookingholdings.com/wp-content/uploads/2018/05/brands-fullyopen-priceline.svg",
                "proof": "Sister company of **Booking.com**.\n\n**Booking.com** allows listings in occupied Palestinian territory, and after announcing it will remove 200 of such listings, it reversed its decision, showing it is knowingly complicit in Israels occupation.",
                "priority": false,
                "createdAt": "2023-11-07T13:16:32.191Z",
                "updatedAt": "2023-11-14T17:34:56.349Z",
                "publishedAt": "2023-11-07T13:16:33.077Z",
                "proofUrl": "https://www.aljazeera.com/news/2022/10/5/is-booking-com-reversal-palestine-corporate-hypocrisy",
                "tags": null,
                "filename": "priceline.webp",
                "alternative": {
                    "data": null
                }
            }
        },
        {
            "id": 305,
            "attributes": {
                "name": "Prilosec",
                "imageUrl": "https://images.ctfassets.net/wi6gwkhx363s/tWXfh4bYzghGQmH9ACHJ5/f26f0978f7ee5730b02161dcf1038007/Prilosec_Logo_V2.png",
                "proof": "Owned by **Procter and Gamble**.\n\n**Procter and Gamble** opened an R&D center in Tel Aviv, Occupied Palestine, in which it invests $2bn annually.",
                "priority": false,
                "createdAt": "2023-11-10T17:20:31.035Z",
                "updatedAt": "2023-11-14T17:35:12.904Z",
                "publishedAt": "2023-11-10T17:20:40.049Z",
                "proofUrl": "https://www.forbes.com/sites/ricardogeromel/2012/05/16/procter-and-gamble-israel-startup/?sh=766ad3d811f5",
                "tags": null,
                "filename": "prilosec.webp",
                "alternative": {
                    "data": null
                }
            }
        },
        {
            "id": 65,
            "attributes": {
                "name": "Prince",
                "imageUrl": "https://static.wikia.nocookie.net/logopedia/images/1/11/Prince_%281998%29.jpg/revision/latest?cb=20191010063958",
                "proof": "Owned by **Mondelez International, Inc.**\n\n**Mondelez International Inc.** on Nov. 10(2020) announced a seed investment in Torr FoodTech, an early stage company based in Israel that has developed proprietary technology Mondelez said “brings real, simple ingredients together to offer multi-textural, sensorial experiences.\"",
                "priority": false,
                "createdAt": "2023-11-06T19:11:25.679Z",
                "updatedAt": "2023-11-14T17:35:32.957Z",
                "publishedAt": "2023-11-06T20:52:25.759Z",
                "proofUrl": "https://www.foodbusinessnews.net/articles/17261-mondelez-invests-in-israel-food-tech-startup",
                "tags": null,
                "filename": "prince.webp",
                "alternative": {
                    "data": {
                        "id": 15,
                        "attributes": {
                            "name": "Ülker",
                            "imageUrl": "https://upload.wikimedia.org/wikipedia/commons/thumb/3/38/%C3%9Clker_logo.svg/2560px-%C3%9Clker_logo.svg.png",
                            "createdAt": "2023-11-08T13:13:41.584Z",
                            "updatedAt": "2023-11-14T19:58:19.444Z",
                            "publishedAt": "2023-11-08T13:13:42.946Z",
                            "filename": "ulker.webp"
                        }
                    }
                }
            }
        },
        {
            "id": 282,
            "attributes": {
                "name": "Pritt",
                "imageUrl": "https://www.henkel.be/resource/image/26290/1x1/1000/1000/84da2a7f9cf3d1dd263adcaefc5db577/58BD597B54ADAF83B78BE6C777BADFE5/pritt-logo.webp",
                "proof": "Owned by **Henkel**.\n\n**Henkel** invests in Israeli technology namely by investing in Feelit. A company with its roots in Israël.",
                "priority": false,
                "createdAt": "2023-11-10T10:13:58.283Z",
                "updatedAt": "2023-11-14T17:35:47.261Z",
                "publishedAt": "2023-11-10T10:13:59.466Z",
                "proofUrl": "https://www.henkel.com/press-and-media/press-releases-and-kits/2021-01-07-henkel-invests-in-technology-start-up-feelit-1141594",
                "tags": null,
                "filename": "pritt.webp",
                "alternative": {
                    "data": null
                }
            }
        },
        {
            "id": 8,
            "attributes": {
                "name": "Procter&Gamble",
                "imageUrl": "https://upload.wikimedia.org/wikipedia/commons/f/f9/P%26G_logo.png",
                "proof": "**Procter and Gamble** opened an R&D center in Tel Aviv, Occupied Palestine, in which it invests $2bn annually.",
                "priority": false,
                "createdAt": "2023-11-06T17:36:06.369Z",
                "updatedAt": "2023-11-14T17:36:00.808Z",
                "publishedAt": "2023-11-06T20:52:25.759Z",
                "proofUrl": "https://www.forbes.com/sites/ricardogeromel/2012/05/16/procter-and-gamble-israel-startup/?sh=766ad3d811f5",
                "tags": null,
                "filename": "procter-&-gamble.webp",
                "alternative": {
                    "data": null
                }
            }
        },
        {
            "id": 438,
            "attributes": {
                "name": "Propel",
                "imageUrl": "https://mma.prnewswire.com/media/1809486/PepsiCo_Beverages_Propel_Logo.jpg?p=facebook",
                "proof": "Owned by **PepsiCo**.\n\n**PepsiCo** bought SodaStream for $3.2bn and owns 50% of Sabra both of which had taken advantage of the Israeli occupation of Palestine.",
                "priority": false,
                "createdAt": "2023-11-11T14:58:22.209Z",
                "updatedAt": "2023-11-14T17:36:16.921Z",
                "publishedAt": "2023-11-11T14:58:22.869Z",
                "proofUrl": "https://www.bloomberg.com/view/articles/2018-08-22/pepsico-s-sodastream-purchase-is-sweet-news-for-israelis?leadSource=uverify%20wall#xj4y7vzkg",
                "tags": null,
                "filename": "propel.webp",
                "alternative": {
                    "data": null
                }
            }
        },
        {
            "id": 292,
            "attributes": {
                "name": "Puffs",
                "imageUrl": "https://static.wikia.nocookie.net/logopedia/images/1/10/Puffs-2012.png/revision/latest/scale-to-width-down/250?cb=20201023124052",
                "proof": "Owned by **Procter and Gamble**.\n\n**Procter and Gamble** opened an R&D center in Tel Aviv, Occupied Palestine, in which it invests $2bn annually.",
                "priority": false,
                "createdAt": "2023-11-10T16:57:02.529Z",
                "updatedAt": "2023-11-14T17:36:52.516Z",
                "publishedAt": "2023-11-10T22:48:12.672Z",
                "proofUrl": "https://www.forbes.com/sites/ricardogeromel/2012/05/16/procter-and-gamble-israel-startup/?sh=766ad3d811f5",
                "tags": null,
                "filename": "puffs.webp",
                "alternative": {
                    "data": null
                }
            }
        },
        {
            "id": 200,
            "attributes": {
                "name": "Pull&Bear",
                "imageUrl": "https://upload.wikimedia.org/wikipedia/commons/thumb/7/72/Pull%26Bear_logo.svg/1280px-Pull%26Bear_logo.svg.png",
                "proof": "**Pull&Bear** is a sister company of **Zara**\n\nJoey Schwebel, chairman of **Israel's Zara franchise**, hosted **anti-Palestinian** MK Itamar **Ben Gvir**(Palestinian-hating politician) for a campaign event a week prior to upcoming elections.",
                "priority": false,
                "createdAt": "2023-11-06T23:18:54.349Z",
                "updatedAt": "2024-01-02T21:31:54.781Z",
                "publishedAt": "2023-11-06T23:19:45.859Z",
                "proofUrl": "https://new.thecradle.co/articles/palestinians-boycott-zara-for-hosting-israeli-extremist",
                "tags": null,
                "filename": "pull&bear.webp",
                "alternative": {
                    "data": null
                }
            }
        },
        {
            "id": 440,
            "attributes": {
                "name": "Pure Leaf",
                "imageUrl": "https://www.logo-designer.co/storage/2019/06/2019-pure-leaf-tea-logo-packaging-design-by-pb-creative.png",
                "proof": "Owned by **PepsiCo**.\n\n**PepsiCo** bought SodaStream for $3.2bn and owns 50% of Sabra both of which had taken advantage of the Israeli occupation of Palestine.",
                "priority": false,
                "createdAt": "2023-11-11T14:59:42.888Z",
                "updatedAt": "2023-11-14T17:37:52.090Z",
                "publishedAt": "2023-11-11T14:59:43.519Z",
                "proofUrl": "https://www.bloomberg.com/view/articles/2018-08-22/pepsico-s-sodastream-purchase-is-sweet-news-for-israelis?leadSource=uverify%20wall#xj4y7vzkg",
                "tags": null,
                "filename": "pure-leaf.webp",
                "alternative": {
                    "data": null
                }
            }
        },
        {
            "id": 518,
            "attributes": {
                "name": "Purina",
                "imageUrl": "https://1000logos.net/wp-content/uploads/2020/07/Purina-Logo.png",
                "proof": "Owned by **Nestlé**.\n\n**Nestlé** is 100% owned by swiss. **Nestlé** began investing in Israel in 1995 by buying 10% of Israeli food maker Osem Investments, increasing its ownership to 50.1% two years later giving it the controlling share and now owns a 53.8 percent stake in Osem Swiss food giant **Nestlé** will set up a global research and development centre for snack foods in Sderot, a town in Israel's Negev desert, the Maariv newspaper reported on Sunday. ",
                "priority": false,
                "createdAt": "2023-11-12T19:34:23.087Z",
                "updatedAt": "2023-11-14T17:38:09.761Z",
                "publishedAt": "2023-11-12T19:34:24.084Z",
                "proofUrl": "https://www.just-food.com/news/israel-nestle-to-up-stake-in-osem/?cf-view",
                "tags": null,
                "filename": "purina.webp",
                "alternative": {
                    "data": null
                }
            }
        },
        {
            "id": 342,
            "attributes": {
                "name": "Quaker",
                "imageUrl": "https://static.wikia.nocookie.net/logopedia/images/f/ff/Quaker_%282011%29.svg/revision/latest/scale-to-width-down/250?cb=20221006105423",
                "proof": "Owned by **PepsiCo**.\n\n**PepsiCo** bought SodaStream for $3.2bn and owns 50% of Sabra both of which had taken advantage of the Israeli occupation of Palestine.",
                "priority": false,
                "createdAt": "2023-11-11T13:59:24.691Z",
                "updatedAt": "2023-11-14T17:38:23.144Z",
                "publishedAt": "2023-11-11T14:02:33.844Z",
                "proofUrl": "https://www.bloomberg.com/view/articles/2018-08-22/pepsico-s-sodastream-purchase-is-sweet-news-for-israelis?leadSource=uverify%20wall#xj4y7vzkg",
                "tags": null,
                "filename": "quaker.webp",
                "alternative": {
                    "data": null
                }
            }
        },
        {
            "id": 480,
            "attributes": {
                "name": "Ralph Lauren",
                "imageUrl": "https://www.ralphlauren.com/on/demandware.static/-/Library-Sites-RalphLauren_NA_Library/default/dwfe2aef66/images/social-sharing/RLNA-Social-Image.jpg",
                "proof": "**Ralph Lauren Partnership**\n\n**Ralph Lauren** has partnered with **Delta Galil Industries**, Ltd. (DELT/Tel Aviv Stock Exchange), the global manufacturer and marketer of branded and private label apparel products for men, women, and children. **Delta Galil Industries** is an **Israeli** textile firm headquartered in **Tel Aviv**, with plants around the world.",
                "priority": false,
                "createdAt": "2023-11-11T15:52:37.045Z",
                "updatedAt": "2023-11-14T17:38:36.805Z",
                "publishedAt": "2023-11-11T15:52:37.720Z",
                "proofUrl": "https://deltagalil.com/brands/licensed-brands/default.aspx",
                "tags": null,
                "filename": "ralph-lauren.webp",
                "alternative": {
                    "data": null
                }
            }
        },
        {
            "id": 592,
            "attributes": {
                "name": "Ralph Lauren Fragrances",
                "imageUrl": null,
                "proof": "**Ralph Lauren Fragrances** is owned by **L'Oreal.**\n\n**34.70%** of L’Oreal is owned by Mrs. Francoise Bettencourt Meyers and her family. **20.1%** of L’ Oreal is owned by **Nestle**. Nestle began **investing** in **Israel** in 1995 by buying 10% of Israeli food maker **Osem** Investments, increasing its ownership to 50.1% two years later giving it the controlling share and now owns a 53.8 percent stake in Osem Swiss food giant Nestle will set up a global research and development center for snack foods next year in Sderot, a town in Israel's Negev desert, the Maariv.",
                "priority": false,
                "createdAt": "2023-11-18T22:07:57.018Z",
                "updatedAt": "2024-01-02T21:22:39.730Z",
                "publishedAt": "2023-11-20T00:14:12.269Z",
                "proofUrl": "https://www.loreal-finance.com/eng/share-ownership",
                "tags": null,
                "filename": "RLF.webp",
                "alternative": {
                    "data": null
                }
            }
        },
        {
            "id": 486,
            "attributes": {
                "name": "Ratiopharm",
                "imageUrl": "https://media.licdn.com/dms/image/C4E0BAQHYEaHZSilvfg/company-logo_200_200/0/1674555567080/ratiopharm_logo?e=2147483647&v=beta&t=KAESg7vj02IJ_BteV3pVqlQZZ8Il7rvhxcyu4iOIMHc",
                "proof": "**Owned by **Teva**, an American-Israeli Pharmaceutical Company**\n\n**Teva** Pharmaceutical Industries Ltd is an American-**Israeli** pharmaceutical company and has become one of the biggest pharmaceutical companies in the world. Teva **stands** with **Israel** and provides all kind of **medical**, **pharmaceutical** and **humanitarian** aid to the zionist.\n\nNote:\n\nHospitals in Gaza are facing a shortage of medical supplies. Humanitarian aid is based on the principles of humanity, impartiality, neutrality, and independence. The principle of humanity entails taking initiatives to alleviate human suffering, regardless of where it occurs, with particular attention to the most vulnerable. The dignity of all victims must be respected and protected. The principle of impartiality means that humanitarian aid can only be provided based on need, without discrimination between or within affected ethnic groups.\n\n",
                "priority": false,
                "createdAt": "2023-11-11T18:54:59.303Z",
                "updatedAt": "2023-11-14T17:38:50.574Z",
                "publishedAt": "2023-11-11T18:55:02.421Z",
                "proofUrl": "https://www.tevapharm.com/news-and-media/latest-news/standing-with-israel-teva-statement-regarding-the-attacks-on-israeli-civilians/",
                "tags": null,
                "filename": "ratiopharm.webp",
                "alternative": {
                    "data": null
                }
            }
        },
        {
            "id": 214,
            "attributes": {
                "name": "RBS",
                "imageUrl": "https://upload.wikimedia.org/wikipedia/en/thumb/a/ad/RBS_logo.svg/2560px-RBS_logo.svg.png",
                "proof": "**RBS** invests in companies selling arms and military equipment to Israel that have been used in the oppression of Palestinians",
                "priority": false,
                "createdAt": "2023-11-06T23:52:32.509Z",
                "updatedAt": "2023-11-14T17:39:04.799Z",
                "publishedAt": "2023-11-06T23:52:33.364Z",
                "proofUrl": "https://www.ethicalconsumer.org/money-finance/israel-deadly-investments",
                "tags": null,
                "filename": "rbs.webp",
                "alternative": {
                    "data": null
                }
            }
        },
        {
            "id": 528,
            "attributes": {
                "name": "Reckitt Benckiser",
                "imageUrl": null,
                "proof": "**Reckitt Benckiser** signs a cooperation agreement with the Israel Innovation Authority.",
                "priority": false,
                "createdAt": "2023-11-14T15:16:51.786Z",
                "updatedAt": "2023-11-14T21:26:49.688Z",
                "publishedAt": "2023-11-20T00:14:12.269Z",
                "proofUrl": "https://en.globes.co.il/en/article-reckitt-benckiser-seeks-investments-in-israeli-cos-1001262747",
                "tags": null,
                "filename": "reckitt.webp",
                "alternative": {
                    "data": null
                }
            }
        },
        {
            "id": 328,
            "attributes": {
                "name": "Redoxon",
                "imageUrl": "https://www.redoxon.es/sites/g/files/vrxlpx43341/files/redoxon_RGB_72ppp.png",
                "proof": "Owned by **Bayer**.\n\nThere is a partnership between **Bayer** and the Israeli Innovation Authority. The Israel Innovation Authority (IIA) is the support arm of the Israeli government, charged with fostering the development of industrial research and development in the State of Israel.",
                "priority": false,
                "createdAt": "2023-11-10T23:35:01.952Z",
                "updatedAt": "2023-11-14T17:57:21.520Z",
                "publishedAt": "2023-11-10T23:45:51.158Z",
                "proofUrl": "https://www.bayer.com/en/il/climate-tech-program",
                "tags": null,
                "filename": "redoxon.webp",
                "alternative": {
                    "data": null
                }
            }
        },
        {
            "id": 441,
            "attributes": {
                "name": "Red Rock Dell",
                "imageUrl": "https://www.redrockdeli.com.au/sites/brand-redrockdeli-com-au/themes/custom/pepsico_redrockdeli/redrockdelilogo.png",
                "proof": "Owned by **PepsiCo**.\n\n**PepsiCo** bought SodaStream for $3.2bn and owns 50% of Sabra both of which had taken advantage of the Israeli occupation of Palestine.",
                "priority": false,
                "createdAt": "2023-11-11T15:00:27.895Z",
                "updatedAt": "2023-11-14T17:57:10.490Z",
                "publishedAt": "2023-11-11T15:00:28.581Z",
                "proofUrl": " https://www.bloomberg.com/view/articles/2018-08-22/pepsico-s-sodastream-purchase-is-sweet-news-for-israelis?leadSource=uverify%20wall#xj4y7vzkg",
                "tags": null,
                "filename": "red-rock-dell.webp",
                "alternative": {
                    "data": {
                        "id": 16,
                        "attributes": {
                            "name": "Croky",
                            "imageUrl": "https://www.makeitfly.group/sites/default/files/styles/inline_image/public/2023-05/logo%20%282%29.png?itok=Lhxib8Op",
                            "createdAt": "2023-11-08T13:20:25.221Z",
                            "updatedAt": "2023-11-14T19:54:34.498Z",
                            "publishedAt": "2023-11-08T13:20:27.024Z",
                            "filename": "croky.webp"
                        }
                    }
                }
            }
        },
        {
            "id": 327,
            "attributes": {
                "name": "Rennie",
                "imageUrl": "https://seeklogo.com/images/R/rennie-logo-4194C0174A-seeklogo.com.png",
                "proof": "Owned by **Bayer**.\n\nThere is a partnership between **Bayer** and the Israeli Innovation Authority. The Israel Innovation Authority (IIA) is the support arm of the Israeli government, charged with fostering the development of industrial research and development in the State of Israel.",
                "priority": false,
                "createdAt": "2023-11-10T23:34:23.873Z",
                "updatedAt": "2023-11-14T17:57:31.295Z",
                "publishedAt": "2023-11-10T23:45:51.158Z",
                "proofUrl": "https://www.bayer.com/en/il/climate-tech-program",
                "tags": null,
                "filename": "rennie.webp",
                "alternative": {
                    "data": null
                }
            }
        },
        {
            "id": 222,
            "attributes": {
                "name": "Rentalcars.com",
                "imageUrl": "https://www.bookingholdings.com/wp-content/uploads/2018/02/bkng_brands-fullyopen-rentalcars.com_.svg",
                "proof": "Sister company of **Booking.com**.\n\n**Booking.com** allows listings in occupied Palestinian territory, and after announcing it will remove 200 of such listings, it reversed its decision, showing it is knowingly complicit in Israels occupation.",
                "priority": false,
                "createdAt": "2023-11-07T12:59:14.505Z",
                "updatedAt": "2023-11-14T17:57:42.062Z",
                "publishedAt": "2023-11-07T12:59:15.575Z",
                "proofUrl": "https://www.aljazeera.com/news/2022/10/5/is-booking-com-reversal-palestine-corporate-hypocrisy",
                "tags": null,
                "filename": "rentalcars.webp",
                "alternative": {
                    "data": null
                }
            }
        },
        {
            "id": 402,
            "attributes": {
                "name": "Repossi",
                "imageUrl": "https://upload.wikimedia.org/wikipedia/commons/0/01/Repossi-logo.png",
                "proof": "**Fred** is owned by **LVMH**.\n\nBernard Arnault, the chairman and **CEO** of **LMVH** Moet Hennessy-Louis Vuitton, and the world’s richest man according to Forbes, has **invested** in cybersecurity firm, **Wiz**, the **Israeli** maker of cloud security solutions for enterprises.",
                "priority": false,
                "createdAt": "2023-11-11T14:41:27.796Z",
                "updatedAt": "2023-11-14T17:57:54.127Z",
                "publishedAt": "2023-11-11T14:41:28.710Z",
                "proofUrl": "https://www.timesofisrael.com/luxury-goods-magnate-bernard-arnault-invests-in-israeli-cybersecurity-firm-wiz/",
                "tags": null,
                "filename": "repossi.webp",
                "alternative": {
                    "data": null
                }
            }
        },
        {
            "id": 33,
            "attributes": {
                "name": "Rexona",
                "imageUrl": "https://cdn.sanity.io/images/92ui5egz/production/d806c6c7edf6271cb15478eae7c34485f4f35d41-1080x1080.jpg?w=375&h=375&fit=crop&auto=format",
                "proof": "Owned by **Unilever**.\n\n**Rexona** and Ben & Jerry's are owned by **Unilever**. When Ben & Jerry's decided to stop selling its products in Israel, **Unilever** sold off the Israeli distribution rights to Avi Zinger to circumvent their decision and to force Ben & Jerry's brand name to continue selling in Israel.",
                "priority": false,
                "createdAt": "2023-11-06T18:26:01.841Z",
                "updatedAt": "2023-11-14T17:58:03.355Z",
                "publishedAt": "2023-11-06T20:52:25.759Z",
                "proofUrl": "https://www.unilever.com/news/press-and-media/press-releases/2022/unilever-reaches-new-business-arrangement-for-ben-jerrys-in-israel/",
                "tags": null,
                "filename": "rexona.webp",
                "alternative": {
                    "data": null
                }
            }
        },
        {
            "id": 361,
            "attributes": {
                "name": "Rimowa",
                "imageUrl": "https://upload.wikimedia.org/wikipedia/commons/6/6e/RIMOWA_Logo.svg",
                "proof": "**RIMOWA** is owned by **LVMH**.\n\nBernard Arnault, the chairman and **CEO** of **LMVH** Moet Hennessy-Louis Vuitton, and the world’s richest man according to Forbes, has **invested** in cybersecurity firm, **Wiz**, the **Israeli** maker of cloud security solutions for enterprises.",
                "priority": false,
                "createdAt": "2023-11-11T14:11:38.729Z",
                "updatedAt": "2023-11-14T17:58:14.041Z",
                "publishedAt": "2023-11-11T14:11:40.297Z",
                "proofUrl": "https://www.timesofisrael.com/luxury-goods-magnate-bernard-arnault-invests-in-israeli-cybersecurity-firm-wiz/",
                "tags": null,
                "filename": "rimowa.webp",
                "alternative": {
                    "data": null
                }
            }
        },
        {
            "id": 289,
            "attributes": {
                "name": "Rindex",
                "imageUrl": "https://static.wikia.nocookie.net/logopedia/images/6/6e/Rindex_3en1.png/revision/latest?cb=20180527174839",
                "proof": "Owned by **Procter and Gamble**.\n\n**Procter and Gamble** opened an R&D center in Tel Aviv, Occupied Palestine, in which it invests $2bn annually.",
                "priority": false,
                "createdAt": "2023-11-10T16:53:11.055Z",
                "updatedAt": "2023-11-14T17:58:25.306Z",
                "publishedAt": "2023-11-10T22:48:12.672Z",
                "proofUrl": "https://www.forbes.com/sites/ricardogeromel/2012/05/16/procter-and-gamble-israel-startup/?sh=766ad3d811f5",
                "tags": null,
                "filename": "rindex.webp",
                "alternative": {
                    "data": null
                }
            }
        },
        {
            "id": 72,
            "attributes": {
                "name": "Ritz",
                "imageUrl": "https://upload.wikimedia.org/wikipedia/commons/7/72/Ritz_crackers_logo.png",
                "proof": "Owned by **Mondelez International, Inc.**\n\n**Mondelez International Inc.** on Nov. 10(2020) announced a seed investment in Torr FoodTech, an early stage company based in Israel that has developed proprietary technology Mondelez said “brings real, simple ingredients together to offer multi-textural, sensorial experiences.\"",
                "priority": false,
                "createdAt": "2023-11-06T19:18:01.374Z",
                "updatedAt": "2023-11-14T17:58:36.582Z",
                "publishedAt": "2023-11-06T20:52:25.759Z",
                "proofUrl": "https://www.foodbusinessnews.net/articles/17261-mondelez-invests-in-israel-food-tech-startup",
                "tags": null,
                "filename": "ritz.webp",
                "alternative": {
                    "data": {
                        "id": 15,
                        "attributes": {
                            "name": "Ülker",
                            "imageUrl": "https://upload.wikimedia.org/wikipedia/commons/thumb/3/38/%C3%9Clker_logo.svg/2560px-%C3%9Clker_logo.svg.png",
                            "createdAt": "2023-11-08T13:13:41.584Z",
                            "updatedAt": "2023-11-14T19:58:19.444Z",
                            "publishedAt": "2023-11-08T13:13:42.946Z",
                            "filename": "ulker.webp"
                        }
                    }
                }
            }
        },
        {
            "id": 443,
            "attributes": {
                "name": "Rockstar",
                "imageUrl": "https://assets.stickpng.com/images/623de9e470712bdafc63c39a.png",
                "proof": "Owned by **PepsiCo**.\n\n**PepsiCo** bought SodaStream for $3.2bn and owns 50% of Sabra both of which had taken advantage of the Israeli occupation of Palestine.",
                "priority": false,
                "createdAt": "2023-11-11T15:01:41.980Z",
                "updatedAt": "2023-11-14T17:58:47.195Z",
                "publishedAt": "2023-11-11T15:01:42.644Z",
                "proofUrl": " https://www.bloomberg.com/view/articles/2018-08-22/pepsico-s-sodastream-purchase-is-sweet-news-for-israelis?leadSource=uverify%20wall#xj4y7vzkg",
                "tags": null,
                "filename": "rockstar.webp",
                "alternative": {
                    "data": null
                }
            }
        },
        {
            "id": 444,
            "attributes": {
                "name": "Rold Gold",
                "imageUrl": "https://upload.wikimedia.org/wikipedia/commons/3/36/Roldgold_brand_logo.png",
                "proof": "Owned by **PepsiCo**.\n\n**PepsiCo** bought SodaStream for $3.2bn and owns 50% of Sabra both of which had taken advantage of the Israeli occupation of Palestine.",
                "priority": false,
                "createdAt": "2023-11-11T15:02:28.468Z",
                "updatedAt": "2023-11-14T17:58:57.204Z",
                "publishedAt": "2023-11-11T15:02:29.095Z",
                "proofUrl": "https://www.bloomberg.com/view/articles/2018-08-22/pepsico-s-sodastream-purchase-is-sweet-news-for-israelis?leadSource=uverify%20wall#xj4y7vzkg",
                "tags": null,
                "filename": "rold-gold.webp",
                "alternative": {
                    "data": {
                        "id": 16,
                        "attributes": {
                            "name": "Croky",
                            "imageUrl": "https://www.makeitfly.group/sites/default/files/styles/inline_image/public/2023-05/logo%20%282%29.png?itok=Lhxib8Op",
                            "createdAt": "2023-11-08T13:20:25.221Z",
                            "updatedAt": "2023-11-14T19:54:34.498Z",
                            "publishedAt": "2023-11-08T13:20:27.024Z",
                            "filename": "croky.webp"
                        }
                    }
                }
            }
        },
        {
            "id": 559,
            "attributes": {
                "name": "Royal",
                "imageUrl": null,
                "proof": "Owned by **Mondelez International, Inc.**\n\n**Mondelez International Inc.** on Nov. 10(2020) announced a seed investment in Torr FoodTech, an early stage company based in Israel that has developed proprietary technology Mondelez said “brings real, simple ingredients together to offer multi-textural, sensorial experiences.\"",
                "priority": false,
                "createdAt": "2023-11-16T19:43:36.200Z",
                "updatedAt": "2023-11-18T14:47:04.072Z",
                "publishedAt": "2023-11-18T15:16:54.661Z",
                "proofUrl": "https://www.foodbusinessnews.net/articles/17261-mondelez-invests-in-israel-food-tech-startup",
                "tags": null,
                "filename": "royal.webp",
                "alternative": {
                    "data": null
                }
            }
        },
        {
            "id": 429,
            "attributes": {
                "name": "Royco",
                "imageUrl": "https://cdn.cookielaw.org/logos/d1e11f1a-eba2-4782-b269-bc5eb85f98f4/f63bc57c-cb85-4487-98cd-38708ae6c1cc/3b66adab-86cc-44f9-aaa5-6f6f1cff6b55/royco.jpg",
                "proof": "Owned by **Mars Inc**.\n\n**Mars** will support Israeli start-ups and the formation of companies, and will work together with leading Israeli academic institutions, such as the Hebrew University, the Weizmann Institute, the Technion, Migall and Tel Hai College, among others, to further Foodtech innovations.",
                "priority": false,
                "createdAt": "2023-11-11T14:55:18.674Z",
                "updatedAt": "2023-11-21T00:44:04.949Z",
                "publishedAt": "2023-11-11T14:55:19.305Z",
                "proofUrl": "https://www.foodmanufacturing.com/home/news/13251464/mars-incorporated-partners-with-jerusalem-venture-partners-to-foster-foodtech-solutions-in-israel",
                "tags": null,
                "filename": "royco.webp",
                "alternative": {
                    "data": null
                }
            }
        },
        {
            "id": 614,
            "attributes": {
                "name": "Rubson",
                "imageUrl": null,
                "proof": "Owned by **Henkel**.\n\n**Henkel** invests in Israeli technology namely by investing in Feelit. A company with its roots in Israël.",
                "priority": false,
                "createdAt": "2023-11-18T22:24:29.460Z",
                "updatedAt": "2023-11-19T23:19:43.814Z",
                "publishedAt": "2023-11-20T00:14:12.269Z",
                "proofUrl": "https://www.henkel.com/press-and-media/press-releases-and-kits/2021-01-07-henkel-invests-in-technology-start-up-feelit-1141594",
                "tags": null,
                "filename": "rubson.webp",
                "alternative": {
                    "data": null
                }
            }
        },
        {
            "id": 49,
            "attributes": {
                "name": "Ruffles",
                "imageUrl": "https://seeklogo.com/images/R/ruffles-logo-3A4BA2B805-seeklogo.com.png",
                "proof": "Owned by **PepsiCo**.\n\n**PepsiCo** bought SodaStream for $3.2bn and owns 50% of Sabra both of which had taken advantage of the Israeli occupation of Palestine.",
                "priority": false,
                "createdAt": "2023-11-06T18:48:22.728Z",
                "updatedAt": "2023-11-14T17:59:35.304Z",
                "publishedAt": "2023-11-06T20:52:25.759Z",
                "proofUrl": "https://www.bloomberg.com/view/articles/2018-08-22/pepsico-s-sodastream-purchase-is-sweet-news-for-israelis?leadSource=uverify%20wall#xj4y7vzkg",
                "tags": null,
                "filename": "ruffles.webp",
                "alternative": {
                    "data": {
                        "id": 16,
                        "attributes": {
                            "name": "Croky",
                            "imageUrl": "https://www.makeitfly.group/sites/default/files/styles/inline_image/public/2023-05/logo%20%282%29.png?itok=Lhxib8Op",
                            "createdAt": "2023-11-08T13:20:25.221Z",
                            "updatedAt": "2023-11-14T19:54:34.498Z",
                            "publishedAt": "2023-11-08T13:20:27.024Z",
                            "filename": "croky.webp"
                        }
                    }
                }
            }
        },
        {
            "id": 446,
            "attributes": {
                "name": "Sabritas",
                "imageUrl": "https://upload.wikimedia.org/wikipedia/commons/thumb/4/48/Sabritas_2001.svg/1200px-Sabritas_2001.svg.png",
                "proof": "Owned by **PepsiCo**.\n\n**PepsiCo** bought SodaStream for $3.2bn and owns 50% of Sabra both of which had taken advantage of the Israeli occupation of Palestine.",
                "priority": false,
                "createdAt": "2023-11-11T15:03:14.499Z",
                "updatedAt": "2023-11-14T17:59:46.749Z",
                "publishedAt": "2023-11-11T15:03:15.253Z",
                "proofUrl": " https://www.bloomberg.com/view/articles/2018-08-22/pepsico-s-sodastream-purchase-is-sweet-news-for-israelis?leadSource=uverify%20wall#xj4y7vzkg",
                "tags": null,
                "filename": "sabritas.webp",
                "alternative": {
                    "data": null
                }
            }
        },
        {
            "id": 447,
            "attributes": {
                "name": "Sabritones",
                "imageUrl": "https://static.wikia.nocookie.net/logopedia/images/e/e7/Sabritones-809x397.jpg/revision/latest/scale-to-width-down/427?cb=20210827194456",
                "proof": "Owned by **PepsiCo**.\n\n**PepsiCo** bought SodaStream for $3.2bn and owns 50% of Sabra both of which had taken advantage of the Israeli occupation of Palestine.",
                "priority": false,
                "createdAt": "2023-11-11T15:03:56.897Z",
                "updatedAt": "2023-11-14T17:59:56.868Z",
                "publishedAt": "2023-11-11T15:03:57.505Z",
                "proofUrl": "https://www.bloomberg.com/view/articles/2018-08-22/pepsico-s-sodastream-purchase-is-sweet-news-for-israelis?leadSource=uverify%20wall#xj4y7vzkg",
                "tags": null,
                "filename": "sabritones.webp",
                "alternative": {
                    "data": {
                        "id": 16,
                        "attributes": {
                            "name": "Croky",
                            "imageUrl": "https://www.makeitfly.group/sites/default/files/styles/inline_image/public/2023-05/logo%20%282%29.png?itok=Lhxib8Op",
                            "createdAt": "2023-11-08T13:20:25.221Z",
                            "updatedAt": "2023-11-14T19:54:34.498Z",
                            "publishedAt": "2023-11-08T13:20:27.024Z",
                            "filename": "croky.webp"
                        }
                    }
                }
            }
        },
        {
            "id": 311,
            "attributes": {
                "name": "Safeguard",
                "imageUrl": "https://1000logos.net/wp-content/uploads/2020/04/Safeguard-Logo.png",
                "proof": "Owned by **Procter and Gamble**.\n\n**Procter and Gamble** opened an R&D center in Tel Aviv, Occupied Palestine, in which it invests $2bn annually.",
                "priority": false,
                "createdAt": "2023-11-10T17:28:49.466Z",
                "updatedAt": "2023-11-14T18:00:10.316Z",
                "publishedAt": "2023-11-10T22:47:28.502Z",
                "proofUrl": "https://www.forbes.com/sites/ricardogeromel/2012/05/16/procter-and-gamble-israel-startup/?sh=766ad3d811f5",
                "tags": null,
                "filename": "safeguard.webp",
                "alternative": {
                    "data": null
                }
            }
        },
        {
            "id": 82,
            "attributes": {
                "name": "Salvo",
                "imageUrl": "https://upload.wikimedia.org/wikipedia/en/f/fd/Logo_of_Salvo_brand_detergent%2C_2020.jpg",
                "proof": "Owned by **Procter and Gamble**.\n\n**Procter and Gamble** opened an R&D center in Tel Aviv, Occupied Palestine, in which it invests $2bn annually.",
                "priority": false,
                "createdAt": "2023-11-06T19:50:36.495Z",
                "updatedAt": "2023-11-14T18:00:23.359Z",
                "publishedAt": "2023-11-06T20:52:25.759Z",
                "proofUrl": "https://www.forbes.com/sites/ricardogeromel/2012/05/16/procter-and-gamble-israel-startup/?sh=766ad3d811f5",
                "tags": null,
                "filename": "salvo.webp",
                "alternative": {
                    "data": null
                }
            }
        },
        {
            "id": 152,
            "attributes": {
                "name": "Sanpelegrino",
                "imageUrl": "https://1000logos.net/wp-content/uploads/2020/09/S.-Pellegrino-Logo.jpg",
                "proof": "Owned by **Nestlé**.\n\n**Nestlé** is 100% owned by swiss. **Nestlé** began investing in Israel in 1995 by buying 10% of Israeli food maker Osem Investments, increasing its ownership to 50.1% two years later giving it the controlling share and now owns a 53.8 percent stake in Osem Swiss food giant **Nestlé** will set up a global research and development centre for snack foods in Sderot, a town in Israel's Negev desert, the Maariv newspaper reported on Sunday. ",
                "priority": false,
                "createdAt": "2023-11-06T22:21:00.113Z",
                "updatedAt": "2023-11-14T20:59:20.636Z",
                "publishedAt": "2023-11-06T23:15:19.877Z",
                "proofUrl": "https://www.just-food.com/news/israel-nestle-to-up-stake-in-osem/?cf-view",
                "tags": null,
                "filename": "pellegrino.webp",
                "alternative": {
                    "data": {
                        "id": 24,
                        "attributes": {
                            "name": "Kızılay",
                            "imageUrl": "https://www.kizilayicecek.com.tr/media/5q4por04/kizilay_i%C3%A7ecek_logo.png",
                            "createdAt": "2023-11-12T11:05:38.236Z",
                            "updatedAt": "2023-11-14T19:56:07.340Z",
                            "publishedAt": "2023-11-12T11:05:38.885Z",
                            "filename": "kizilay.webp"
                        }
                    }
                }
            }
        },
        {
            "id": 235,
            "attributes": {
                "name": "SAP",
                "imageUrl": "https://cdn.icon-icons.com/icons2/2699/PNG/512/sap_logo_icon_170763.png",
                "proof": "**SAP** donated money to israeli employees after the war started, with an additional 6,500 israeli shekels for each family member of the employee.",
                "priority": false,
                "createdAt": "2023-11-07T13:17:49.380Z",
                "updatedAt": "2023-11-14T18:00:36.064Z",
                "publishedAt": "2023-11-07T13:17:50.239Z",
                "proofUrl": "https://www.timesofisrael.com/multinational-tech-firms-from-sap-to-intel-to-give-israeli-workers-wartime-grant/",
                "tags": null,
                "filename": "sap.webp",
                "alternative": {
                    "data": null
                }
            }
        },
        {
            "id": 536,
            "attributes": {
                "name": "Scholl",
                "imageUrl": null,
                "proof": "Owned by **Reckitt Benckiser**\n\n**Reckitt Benckiser** signs a cooperation agreement with the Israel Innovation Authority.",
                "priority": false,
                "createdAt": "2023-11-14T15:25:17.019Z",
                "updatedAt": "2023-11-14T21:26:42.042Z",
                "publishedAt": "2023-11-20T00:14:12.269Z",
                "proofUrl": "https://en.globes.co.il/en/article-reckitt-benckiser-seeks-investments-in-israeli-cos-1001262747",
                "tags": null,
                "filename": "scholl.webp",
                "alternative": {
                    "data": null
                }
            }
        },
        {
            "id": 265,
            "attributes": {
                "name": "Schwarzkopf",
                "imageUrl": "https://www.henkel.be/resource/image/214622/1x1/1000/1000/6aac5b37116440b0eb2c8b883ea367f4/AC066B0CBFDE347FB042913CD70B0F56/schwarzkopf-corporate.webp",
                "proof": "Owned by **Henkel**.\n\n**Henkel** invests in Israeli technology namely by investing in Feelit. A company with its roots in Israël.",
                "priority": false,
                "createdAt": "2023-11-09T18:47:49.433Z",
                "updatedAt": "2023-11-14T18:00:50.915Z",
                "publishedAt": "2023-11-09T23:37:02.259Z",
                "proofUrl": "https://www.henkel.com/press-and-media/press-releases-and-kits/2021-01-07-henkel-invests-in-technology-start-up-feelit-1141594",
                "tags": null,
                "filename": "schwarzkopf.webp",
                "alternative": {
                    "data": {
                        "id": 33,
                        "attributes": {
                            "name": "Duru",
                            "imageUrl": "https://seeklogo.com/images/D/duru-logo-9FC719ACD3-seeklogo.com.png",
                            "createdAt": "2023-11-12T12:05:11.667Z",
                            "updatedAt": "2023-11-14T19:54:48.859Z",
                            "publishedAt": "2023-11-12T12:05:12.560Z",
                            "filename": "duru.webp"
                        }
                    }
                }
            }
        },
        {
            "id": 120,
            "attributes": {
                "name": "Schweppes",
                "imageUrl": "https://upload.wikimedia.org/wikipedia/fr/5/52/Schweppes.png",
                "proof": "**Not applicable for these countries: Andorra, Austria, Belgium, Czech Republic, Denmark, Finland, France, Germany, Hungary, Italy, Liechtenstein, Luxembourg, Monaco, Netherlands, Norway, Poland, Portugal, San Marino, Slovakia, Spain, Sweden, and Switzerland**.\n\nOwned by **The Coca-Cola Company**.\n\n**Coca-Cola Israel** owns dairy farms in the illegal Israeli settlements of Shadmot Mechola in the Jordan Valley and a plant in the industrial zone of Katzerin in the occupied Golan Heights.\n\n",
                "priority": false,
                "createdAt": "2023-11-06T21:37:20.144Z",
                "updatedAt": "2023-11-21T00:15:39.590Z",
                "publishedAt": "2023-11-06T21:37:21.349Z",
                "proofUrl": "http://www.inminds.com/boycott-coca-cola.html",
                "tags": null,
                "filename": "schweppes.webp",
                "alternative": {
                    "data": null
                }
            }
        },
        {
            "id": 215,
            "attributes": {
                "name": "Scotia Bank",
                "imageUrl": "https://logosandtypes.com/wp-content/uploads/2020/08/Scotiabank.png",
                "proof": "**Scotiabank’s** asset fund put $500 million into Elbit Systems Ltd, the Israeli weapons manufacturer.",
                "priority": false,
                "createdAt": "2023-11-06T23:53:35.031Z",
                "updatedAt": "2023-11-14T18:01:31.946Z",
                "publishedAt": "2023-11-06T23:53:35.955Z",
                "proofUrl": "https://mondoweiss.net/2023/06/canadas-scotiabank-is-funding-israeli-war-crimes/",
                "tags": null,
                "filename": "scotiabank.webp",
                "alternative": {
                    "data": null
                }
            }
        },
        {
            "id": 309,
            "attributes": {
                "name": "Secret",
                "imageUrl": "https://seeklogo.com/images/S/secret-logo-985DDC2DD2-seeklogo.com.png",
                "proof": "Owned by **Procter and Gamble**.\n\n**Procter and Gamble** opened an R&D center in Tel Aviv, Occupied Palestine, in which it invests $2bn annually.",
                "priority": false,
                "createdAt": "2023-11-10T17:26:56.836Z",
                "updatedAt": "2023-11-14T18:01:44.277Z",
                "publishedAt": "2023-11-10T22:47:28.502Z",
                "proofUrl": "https://www.forbes.com/sites/ricardogeromel/2012/05/16/procter-and-gamble-israel-startup/?sh=766ad3d811f5",
                "tags": null,
                "filename": "secret.webp",
                "alternative": {
                    "data": null
                }
            }
        },
        {
            "id": 432,
            "attributes": {
                "name": "Seeds of Change",
                "imageUrl": "https://www.seedsofchange.com/sites/g/files/fnmzdf1856/files/SOC-logo-500w.png",
                "proof": "Owned by **Mars Inc**.\n\n**Mars** will support Israeli start-ups and the formation of companies, and will work together with leading Israeli academic institutions, such as the Hebrew University, the Weizmann Institute, the Technion, Migall and Tel Hai College, among others, to further Foodtech innovations.",
                "priority": false,
                "createdAt": "2023-11-11T14:55:49.761Z",
                "updatedAt": "2023-11-21T00:44:09.270Z",
                "publishedAt": "2023-11-11T14:55:51.596Z",
                "proofUrl": "https://www.foodmanufacturing.com/home/news/13251464/mars-incorporated-partners-with-jerusalem-venture-partners-to-foster-foodtech-solutions-in-israel",
                "tags": null,
                "filename": "seeds-of-change.webp",
                "alternative": {
                    "data": null
                }
            }
        }
    ],
    "meta": {
        "pagination": {
            "start": 450,
            "limit": 50,
            "total": 620
        }
    }
}