
{
    "data": [
        {
            "id": 627,
            "attributes": {
                "name": "Telefe",
                "imageUrl": null,
                "proof": "Owned by **Paramount Global**.\n\n**Paramount Global** stated, 'We stand with the people of Israel and the global Jewish community.\"",
                "priority": false,
                "createdAt": "2023-11-19T23:46:07.316Z",
                "updatedAt": "2023-11-19T23:46:07.316Z",
                "publishedAt": "2023-11-20T00:14:12.269Z",
                "proofUrl": "https://variety.com/2023/film/news/hollywood-studios-israel-palestine-hamas-attacks-1235753540/",
                "tags": null,
                "filename": "telefe.webp",
                "alternative": {
                    "data": null
                }
            }
        },
        {
            "id": 492,
            "attributes": {
                "name": "Temptations",
                "imageUrl": "https://photos.prnewswire.com/prnfull/20160805/396309LOGO",
                "proof": "Owned by **Mars Inc**.\n\n**Mars** will support Israeli start-ups and the formation of companies, and will work together with leading Israeli academic institutions, such as the Hebrew University, the Weizmann Institute, the Technion, Migall and Tel Hai College, among others, to further Foodtech innovations.",
                "priority": false,
                "createdAt": "2023-11-11T19:21:34.250Z",
                "updatedAt": "2023-11-21T00:43:36.821Z",
                "publishedAt": "2023-11-11T19:21:35.375Z",
                "proofUrl": "https://www.foodmanufacturing.com/home/news/13251464/mars-incorporated-partners-with-jerusalem-venture-partners-to-foster-foodtech-solutions-in-israel",
                "tags": null,
                "filename": "temptations.webp",
                "alternative": {
                    "data": null
                }
            }
        },
        {
            "id": 273,
            "attributes": {
                "name": "Teroson",
                "imageUrl": "https://www.henkel.nl/resource/image/22598/1x1/1000/1000/a710b5a3f8f9d3e1aeedcf0fe7bf4433/2646E74A06742F88D5B6D2BF13FDEC25/teroson-logo.webp",
                "proof": "Owned by **Henkel**.\n\n**Henkel** invests in Israeli technology namely by investing in Feelit. A company with its roots in Israël.",
                "priority": false,
                "createdAt": "2023-11-09T18:57:14.994Z",
                "updatedAt": "2023-11-14T18:14:55.368Z",
                "publishedAt": "2023-11-09T23:41:19.175Z",
                "proofUrl": "https://www.henkel.com/press-and-media/press-releases-and-kits/2021-01-07-henkel-invests-in-technology-start-up-feelit-1141594",
                "tags": null,
                "filename": "teroson.webp",
                "alternative": {
                    "data": null
                }
            }
        },
        {
            "id": 209,
            "attributes": {
                "name": "Tesco",
                "imageUrl": "https://assets.website-files.com/622733c59bf20d8a074764f6/622733c59bf20dbdf4476887_Tesco.png",
                "proof": "**Tesco** is partnering with an Israeli start, **Trigo Retail**, up to deliver till-less stores with several already open in London. Michael Gabay, the CEO of Trigo is a staunch zionist.",
                "priority": false,
                "createdAt": "2023-11-06T23:44:09.309Z",
                "updatedAt": "2023-11-14T18:15:10.402Z",
                "publishedAt": "2023-11-07T14:29:47.249Z",
                "proofUrl": "https://www.businesswire.com/news/home/20211018005203/en/Trigo-Powers-Fully-Autonomous-Tesco-Grocery-Store-in-Central-London",
                "tags": null,
                "filename": "tesco.webp",
                "alternative": {
                    "data": null
                }
            }
        },
        {
            "id": 339,
            "attributes": {
                "name": "Teva",
                "imageUrl": "https://upload.wikimedia.org/wikipedia/commons/thumb/b/b6/TevaPharm.svg/2560px-TevaPharm.svg.png",
                "proof": "**American-Israeli Pharmaceutical Company**\n\n**Teva** Pharmaceutical Industries Ltd is an American-**Israeli** pharmaceutical company and has become one of the biggest pharmaceutical companies in the world. Teva **stands** with **Israel** and provides all kind of **medical**, **pharmaceutical** and **humanitarian** aid to the zionist.\n\nNote:\n\nHospitals in Gaza are facing a shortage of medical supplies. Humanitarian aid is based on the principles of humanity, impartiality, neutrality, and independence. The principle of humanity entails taking initiatives to alleviate human suffering, regardless of where it occurs, with particular attention to the most vulnerable. The dignity of all victims must be respected and protected. The principle of impartiality means that humanitarian aid can only be provided based on need, without discrimination between or within affected ethnic groups.\n\n",
                "priority": false,
                "createdAt": "2023-11-11T13:17:38.601Z",
                "updatedAt": "2023-11-14T18:15:25.055Z",
                "publishedAt": "2023-11-11T13:17:39.671Z",
                "proofUrl": "https://www.tevapharm.com/news-and-media/latest-news/standing-with-israel-teva-statement-regarding-the-attacks-on-israeli-civilians/",
                "tags": null,
                "filename": "tevapharm.webp",
                "alternative": {
                    "data": null
                }
            }
        },
        {
            "id": 295,
            "attributes": {
                "name": "The Art Of Shaving",
                "imageUrl": "https://mma.prnewswire.com/media/74925/the_art_of_shaving_logo.jpg?p=twitter",
                "proof": "Owned by **Procter and Gamble**.\n\n**Procter and Gamble** opened an R&D center in Tel Aviv, Occupied Palestine, in which it invests $2bn annually.",
                "priority": false,
                "createdAt": "2023-11-10T17:03:43.808Z",
                "updatedAt": "2023-11-14T18:15:38.375Z",
                "publishedAt": "2023-11-10T22:48:17.786Z",
                "proofUrl": "https://www.forbes.com/sites/ricardogeromel/2012/05/16/procter-and-gamble-israel-startup/?sh=766ad3d811f5",
                "tags": null,
                "filename": "the-art-of-shaving.webp",
                "alternative": {
                    "data": null
                }
            }
        },
        {
            "id": 114,
            "attributes": {
                "name": "The Coca-Cola Company",
                "imageUrl": "https://upload.wikimedia.org/wikipedia/commons/thumb/5/5e/The_Coca-Cola_Company_logo.svg/2560px-The_Coca-Cola_Company_logo.svg.png",
                "proof": "**Coca-Cola Israel** owns dairy farms in the illegal Israeli settlements of Shadmot Mechola in the Jordan Valley and a plant in the industrial zone of Katzerin in the occupied Golan Heights.",
                "priority": false,
                "createdAt": "2023-11-06T21:21:33.280Z",
                "updatedAt": "2023-11-14T18:15:58.381Z",
                "publishedAt": "2023-11-06T21:21:35.166Z",
                "proofUrl": "http://www.inminds.com/boycott-coca-cola.html",
                "tags": null,
                "filename": "the-coca-cola-company.webp",
                "alternative": {
                    "data": null
                }
            }
        },
        {
            "id": 630,
            "attributes": {
                "name": "THE CW TELEVISION NETWORK",
                "imageUrl": null,
                "proof": "Owned by **Paramount Global**.\n\n**Paramount Global** stated, 'We stand with the people of Israel and the global Jewish community.\"",
                "priority": false,
                "createdAt": "2023-11-19T23:48:31.290Z",
                "updatedAt": "2023-11-19T23:48:31.290Z",
                "publishedAt": "2023-11-20T00:14:12.269Z",
                "proofUrl": "https://variety.com/2023/film/news/hollywood-studios-israel-palestine-hamas-attacks-1235753540/",
                "tags": null,
                "filename": "CW.webp",
                "alternative": {
                    "data": null
                }
            }
        },
        {
            "id": 275,
            "attributes": {
                "name": "The Habit Burger Grill",
                "imageUrl": "https://logowik.com/content/uploads/images/t_the-habit-burger-grill1998.jpg",
                "proof": "Owned by **Yum! Brands**.\n\n**Yum! Brands** is an investor in Israeli start ups.",
                "priority": false,
                "createdAt": "2023-11-09T19:10:19.888Z",
                "updatedAt": "2023-11-14T18:16:13.017Z",
                "publishedAt": "2023-11-09T19:10:21.911Z",
                "proofUrl": "https://www.calcalistech.com/ctech/articles/0,7340,L-3901254,00.html",
                "tags": null,
                "filename": "the-habit-burger-grill.webp",
                "alternative": {
                    "data": null
                }
            }
        },
        {
            "id": 315,
            "attributes": {
                "name": "The Ordinary",
                "imageUrl": "https://logovectordl.com/wp-content/uploads/2020/12/the-ordinary-logo-vector.png",
                "proof": "**The Ordinary** is owned by **Estée Lauder**.\n\n**Ronald Lauder**, who together with his brother Leonard Lauder inherited the Estee Lauder company, is the president of the **World Jewish Congress**, and chairman of the Jewish National Fund, and is a **zionist** with extremist views and financially and politically supports **Israeli** occupation of Palestinian land.",
                "priority": false,
                "createdAt": "2023-11-10T22:32:11.969Z",
                "updatedAt": "2023-11-14T18:16:30.720Z",
                "publishedAt": "2023-11-10T22:32:13.215Z",
                "proofUrl": "https://www.jnf.org/menu-3/speakers-bureau/bio-page?id=830973c9-caae-67a8-a4cf-ff000038378d",
                "tags": null,
                "filename": "the-ordinar.webp",
                "alternative": {
                    "data": null
                }
            }
        },
        {
            "id": 293,
            "attributes": {
                "name": "This is L",
                "imageUrl": "https://upload.wikimedia.org/wikipedia/commons/2/28/This_is_L._Inc._Company_Logo.jpg",
                "proof": "Owned by **Procter and Gamble**.\n\n**Procter and Gamble** opened an R&D center in Tel Aviv, Occupied Palestine, in which it invests $2bn annually.",
                "priority": false,
                "createdAt": "2023-11-10T16:59:43.152Z",
                "updatedAt": "2023-11-14T18:16:43.725Z",
                "publishedAt": "2023-11-10T22:48:12.672Z",
                "proofUrl": "https://www.forbes.com/sites/ricardogeromel/2012/05/16/procter-and-gamble-israel-startup/?sh=766ad3d811f5",
                "tags": null,
                "filename": "this-is-l.webp",
                "alternative": {
                    "data": null
                }
            }
        },
        {
            "id": 506,
            "attributes": {
                "name": "Thomy",
                "imageUrl": "https://assets.stickpng.com/images/5ae22e1733b73fa43b1a8949.png",
                "proof": "Owned by **Nestlé**.\n\n**Nestlé** is 100% owned by swiss. **Nestlé** began investing in Israel in 1995 by buying 10% of Israeli food maker Osem Investments, increasing its ownership to 50.1% two years later giving it the controlling share and now owns a 53.8 percent stake in Osem Swiss food giant **Nestlé** will set up a global research and development centre for snack foods in Sderot, a town in Israel's Negev desert, the Maariv newspaper reported on Sunday. ",
                "priority": false,
                "createdAt": "2023-11-11T22:57:13.299Z",
                "updatedAt": "2023-11-14T18:17:02.230Z",
                "publishedAt": "2023-11-11T22:57:16.040Z",
                "proofUrl": "https://www.just-food.com/news/israel-nestle-to-up-stake-in-osem/?cf-view",
                "tags": null,
                "filename": "thomy.webp",
                "alternative": {
                    "data": null
                }
            }
        },
        {
            "id": 85,
            "attributes": {
                "name": "Tide",
                "imageUrl": "https://upload.wikimedia.org/wikipedia/commons/thumb/1/1e/Tide_Logo_RGB_2014.png/640px-Tide_Logo_RGB_2014.png",
                "proof": "Owned by **Procter and Gamble**.\n\n**Procter and Gamble** opened an R&D center in Tel Aviv, Occupied Palestine, in which it invests $2bn annually.",
                "priority": false,
                "createdAt": "2023-11-06T19:52:14.148Z",
                "updatedAt": "2023-11-14T18:17:17.798Z",
                "publishedAt": "2023-11-06T20:52:25.759Z",
                "proofUrl": "https://www.forbes.com/sites/ricardogeromel/2012/05/16/procter-and-gamble-israel-startup/?sh=766ad3d811f5",
                "tags": null,
                "filename": "tide.webp",
                "alternative": {
                    "data": null
                }
            }
        },
        {
            "id": 111,
            "attributes": {
                "name": "Tiffany & CO",
                "imageUrl": "https://download.logo.wine/logo/Tiffany_%26_Co./Tiffany_%26_Co.-Logo.wine.png",
                "proof": "Tiffany & CO is owned by **LVMH**.\n\nBernard Arnault, the chairman and **CEO** of **LMVH** Moet Hennessy-Louis Vuitton, and the world’s richest man according to Forbes, has **invested** in cybersecurity firm, **Wiz**, the **Israeli** maker of cloud security solutions for enterprises.",
                "priority": false,
                "createdAt": "2023-11-06T21:00:42.029Z",
                "updatedAt": "2023-11-14T18:17:29.277Z",
                "publishedAt": "2023-11-06T21:00:43.442Z",
                "proofUrl": "https://www.timesofisrael.com/luxury-goods-magnate-bernard-arnault-invests-in-israeli-cybersecurity-firm-wiz/",
                "tags": null,
                "filename": "tiffany&co.webp",
                "alternative": {
                    "data": null
                }
            }
        },
        {
            "id": 562,
            "attributes": {
                "name": "Tiger",
                "imageUrl": null,
                "proof": "Owned by **Mondelez International, Inc.**\n\n**Mondelez International Inc.** on Nov. 10(2020) announced a seed investment in Torr FoodTech, an early stage company based in Israel that has developed proprietary technology Mondelez said “brings real, simple ingredients together to offer multi-textural, sensorial experiences.\"",
                "priority": false,
                "createdAt": "2023-11-16T19:45:09.111Z",
                "updatedAt": "2023-11-18T14:43:55.456Z",
                "publishedAt": "2023-11-18T15:16:54.661Z",
                "proofUrl": "https://www.foodbusinessnews.net/articles/17261-mondelez-invests-in-israel-food-tech-startup",
                "tags": null,
                "filename": "tiger.webp",
                "alternative": {
                    "data": null
                }
            }
        },
        {
            "id": 59,
            "attributes": {
                "name": "Toblerone",
                "imageUrl": "https://1000logos.net/wp-content/uploads/2022/10/Toblerone-Logo-1999.png",
                "proof": "Owned by **Mondelez International, Inc.**\n\n**Mondelez International Inc.** on Nov. 10(2020) announced a seed investment in Torr FoodTech, an early stage company based in Israel that has developed proprietary technology Mondelez said “brings real, simple ingredients together to offer multi-textural, sensorial experiences.\"",
                "priority": false,
                "createdAt": "2023-11-06T19:02:20.148Z",
                "updatedAt": "2023-11-14T18:17:48.139Z",
                "publishedAt": "2023-11-06T20:52:25.759Z",
                "proofUrl": "https://www.foodbusinessnews.net/articles/17261-mondelez-invests-in-israel-food-tech-startup",
                "tags": null,
                "filename": "toblerone.webp",
                "alternative": {
                    "data": {
                        "id": 23,
                        "attributes": {
                            "name": "Torku",
                            "imageUrl": "https://seeklogo.com/images/T/torku-logo-8390D867D6-seeklogo.com.png",
                            "createdAt": "2023-11-12T11:03:48.666Z",
                            "updatedAt": "2023-11-14T19:57:56.721Z",
                            "publishedAt": "2023-11-12T11:03:49.313Z",
                            "filename": "torku.webp"
                        }
                    }
                }
            }
        },
        {
            "id": 138,
            "attributes": {
                "name": "Tom Ford",
                "imageUrl": "https://1000logos.net/wp-content/uploads/2021/06/Tom-Ford-logo.png",
                "proof": "Tom Ford is owned by **Estée Lauder**\n\n**Ronald Lauder**, who together with his brother Leonard Lauder inherited the Estee Lauder company, is the president of the **World Jewish Congress**, and chairman of the Jewish National Fund, and is a **zionist** with extremist views and financially and politically supports **Israeli** occupation of Palestinian land.",
                "priority": false,
                "createdAt": "2023-11-06T22:14:17.148Z",
                "updatedAt": "2023-11-14T18:18:11.825Z",
                "publishedAt": "2023-11-06T23:15:41.880Z",
                "proofUrl": "https://www.jnf.org/menu-3/speakers-bureau/bio-page?id=830973c9-caae-67a8-a4cf-ff000038378d",
                "tags": null,
                "filename": "tom-ford.webp",
                "alternative": {
                    "data": null
                }
            }
        },
        {
            "id": 583,
            "attributes": {
                "name": "Too Faced",
                "imageUrl": null,
                "proof": "Too Faced is owned by **Estée Lauder**.\n\n**Ronald Lauder**, who together with his brother Leonard Lauder inherited the Estee Lauder company, is the president of the **World Jewish Congress**, and chairman of the Jewish National Fund, and is a **zionist** with extremist views and financially and politically supports **Israeli** occupation of Palestinian land.",
                "priority": false,
                "createdAt": "2023-11-18T21:59:16.673Z",
                "updatedAt": "2023-11-19T23:34:57.301Z",
                "publishedAt": "2023-11-20T00:14:12.269Z",
                "proofUrl": "https://www.jnf.org/menu-3/speakers-bureau/bio-page?id=830973c9-caae-67a8-a4cf-ff000038378d",
                "tags": null,
                "filename": "toofaced.webp",
                "alternative": {
                    "data": null
                }
            }
        },
        {
            "id": 381,
            "attributes": {
                "name": "Topo Chico",
                "imageUrl": "https://www.topochico.com/content/dam/nagbrands/us/topochico/en/photos/RedMark.png",
                "proof": "Owned by **The Coca-Cola Company**.\n\n**Coca-Cola Israel** owns dairy farms in the illegal Israeli settlements of Shadmot Mechola in the Jordan Valley and a plant in the industrial zone of Katzerin in the occupied Golan Heights.",
                "priority": false,
                "createdAt": "2023-11-11T14:27:05.685Z",
                "updatedAt": "2023-11-14T18:19:24.785Z",
                "publishedAt": "2023-11-11T14:27:06.447Z",
                "proofUrl": "http://www.inminds.com/boycott-coca-cola.html",
                "tags": null,
                "filename": "topo-chico.webp",
                "alternative": {
                    "data": null
                }
            }
        },
        {
            "id": 364,
            "attributes": {
                "name": "Tostitos",
                "imageUrl": "https://1000logos.net/wp-content/uploads/2021/05/Tostitos-logo.png",
                "proof": "Owned by **PepsiCo**.\n\n**PepsiCo** bought SodaStream for $3.2bn and owns 50% of Sabra both of which had taken advantage of the Israeli occupation of Palestine.",
                "priority": false,
                "createdAt": "2023-11-11T14:13:07.518Z",
                "updatedAt": "2023-11-14T18:19:50.022Z",
                "publishedAt": "2023-11-11T14:13:08.481Z",
                "proofUrl": "https://www.bloomberg.com/view/articles/2018-08-22/pepsico-s-sodastream-purchase-is-sweet-news-for-israelis?leadSource=uverify%20wall#xj4y7vzkg",
                "tags": null,
                "filename": "tostitos.webp",
                "alternative": {
                    "data": {
                        "id": 16,
                        "attributes": {
                            "name": "Croky",
                            "imageUrl": "https://www.makeitfly.group/sites/default/files/styles/inline_image/public/2023-05/logo%20%282%29.png?itok=Lhxib8Op",
                            "createdAt": "2023-11-08T13:20:25.221Z",
                            "updatedAt": "2023-11-14T19:54:34.498Z",
                            "publishedAt": "2023-11-08T13:20:27.024Z",
                            "filename": "croky.webp"
                        }
                    }
                }
            }
        },
        {
            "id": 62,
            "attributes": {
                "name": "Trident",
                "imageUrl": "https://mma.prnewswire.com/media/1820186/Trident_Gum_Logo.jpg?p=facebook",
                "proof": "Owned by **Mondelez International, Inc.**\n\n**Mondelez International Inc.** on Nov. 10(2020) announced a seed investment in Torr FoodTech, an early stage company based in Israel that has developed proprietary technology Mondelez said “brings real, simple ingredients together to offer multi-textural, sensorial experiences.\"",
                "priority": false,
                "createdAt": "2023-11-06T19:05:28.296Z",
                "updatedAt": "2023-11-14T18:20:29.537Z",
                "publishedAt": "2023-11-06T20:52:25.759Z",
                "proofUrl": "https://www.foodbusinessnews.net/articles/17261-mondelez-invests-in-israel-food-tech-startup",
                "tags": null,
                "filename": "trident.webp",
                "alternative": {
                    "data": null
                }
            }
        },
        {
            "id": 563,
            "attributes": {
                "name": "Triscuit",
                "imageUrl": null,
                "proof": "Owned by **Mondelez International, Inc.**\n\n**Mondelez International Inc.** on Nov. 10(2020) announced a seed investment in Torr FoodTech, an early stage company based in Israel that has developed proprietary technology Mondelez said “brings real, simple ingredients together to offer multi-textural, sensorial experiences.\"",
                "priority": false,
                "createdAt": "2023-11-16T19:45:32.661Z",
                "updatedAt": "2023-11-18T14:43:35.370Z",
                "publishedAt": "2023-11-18T15:16:54.661Z",
                "proofUrl": "https://www.foodbusinessnews.net/articles/17261-mondelez-invests-in-israel-food-tech-startup",
                "tags": null,
                "filename": "triscuit.webp",
                "alternative": {
                    "data": null
                }
            }
        },
        {
            "id": 170,
            "attributes": {
                "name": "Tropicana",
                "imageUrl": "https://1000logos.net/wp-content/uploads/2020/09/Tropicana-Logo.png",
                "proof": "Owned by **PepsiCo**.\n\n**PepsiCo** bought SodaStream for $3.2bn and owns 50% of Sabra both of which had taken advantage of the Israeli occupation of Palestine.",
                "priority": false,
                "createdAt": "2023-11-06T22:32:56.810Z",
                "updatedAt": "2023-11-14T18:20:45.918Z",
                "publishedAt": "2023-11-06T23:15:41.880Z",
                "proofUrl": "https://www.bloomberg.com/view/articles/2018-08-22/pepsico-s-sodastream-purchase-is-sweet-news-for-israelis?leadSource=uverify%20wall#xj4y7vzkg",
                "tags": null,
                "filename": "tropicana.webp",
                "alternative": {
                    "data": null
                }
            }
        },
        {
            "id": 469,
            "attributes": {
                "name": "Tru Fru",
                "imageUrl": "https://trufru.com/wp-content/uploads/2020/02/favicon.png",
                "proof": "Owned by **Mars Inc**.\n\n**Mars** will support Israeli start-ups and the formation of companies, and will work together with leading Israeli academic institutions, such as the Hebrew University, the Weizmann Institute, the Technion, Migall and Tel Hai College, among others, to further Foodtech innovations.",
                "priority": false,
                "createdAt": "2023-11-11T15:16:37.789Z",
                "updatedAt": "2023-11-21T00:43:32.005Z",
                "publishedAt": "2023-11-11T15:16:38.437Z",
                "proofUrl": "https://www.foodmanufacturing.com/home/news/13251464/mars-incorporated-partners-with-jerusalem-venture-partners-to-foster-foodtech-solutions-in-israel",
                "tags": null,
                "filename": "tru-fru.webp",
                "alternative": {
                    "data": {
                        "id": 23,
                        "attributes": {
                            "name": "Torku",
                            "imageUrl": "https://seeklogo.com/images/T/torku-logo-8390D867D6-seeklogo.com.png",
                            "createdAt": "2023-11-12T11:03:48.666Z",
                            "updatedAt": "2023-11-14T19:57:56.721Z",
                            "publishedAt": "2023-11-12T11:03:49.313Z",
                            "filename": "torku.webp"
                        }
                    }
                }
            }
        },
        {
            "id": 61,
            "attributes": {
                "name": "Tuc",
                "imageUrl": "https://static.wikia.nocookie.net/logopedia/images/b/b0/LOGO_TUC.png/revision/latest?cb=20180620085625",
                "proof": "Owned by **Mondelez International, Inc.**\n\n**Mondelez International Inc.** on Nov. 10(2020) announced a seed investment in Torr FoodTech, an early stage company based in Israel that has developed proprietary technology Mondelez said “brings real, simple ingredients together to offer multi-textural, sensorial experiences.\"",
                "priority": false,
                "createdAt": "2023-11-06T19:04:35.169Z",
                "updatedAt": "2023-11-14T18:21:14.057Z",
                "publishedAt": "2023-11-06T20:52:25.759Z",
                "proofUrl": "https://www.foodbusinessnews.net/articles/17261-mondelez-invests-in-israel-food-tech-startup",
                "tags": null,
                "filename": "tuc.webp",
                "alternative": {
                    "data": {
                        "id": 15,
                        "attributes": {
                            "name": "Ülker",
                            "imageUrl": "https://upload.wikimedia.org/wikipedia/commons/thumb/3/38/%C3%9Clker_logo.svg/2560px-%C3%9Clker_logo.svg.png",
                            "createdAt": "2023-11-08T13:13:41.584Z",
                            "updatedAt": "2023-11-14T19:58:19.444Z",
                            "publishedAt": "2023-11-08T13:13:42.946Z",
                            "filename": "ulker.webp"
                        }
                    }
                }
            }
        },
        {
            "id": 128,
            "attributes": {
                "name": "Turkuaz Su",
                "imageUrl": "https://encrypted-tbn0.gstatic.com/images?q=tbn:ANd9GcTVCpHf-U9TgYgzm6vOvvt9vdwQdfuemrdfw9vRmFBH&s",
                "proof": "Owned by **The Coca-Cola Company**.\n\n**Coca-Cola Israel** owns dairy farms in the illegal Israeli settlements of Shadmot Mechola in the Jordan Valley and a plant in the industrial zone of Katzerin in the occupied Golan Heights.",
                "priority": false,
                "createdAt": "2023-11-06T21:47:11.324Z",
                "updatedAt": "2023-11-14T21:26:25.262Z",
                "publishedAt": "2023-11-06T21:50:46.151Z",
                "proofUrl": "http://www.inminds.com/boycott-coca-cola.html",
                "tags": null,
                "filename": "turkuaz-su.webp",
                "alternative": {
                    "data": {
                        "id": 29,
                        "attributes": {
                            "name": "Hamidiye Su",
                            "imageUrl": "https://seeklogo.com/images/H/hamidiye-logo-66D9D05F2E-seeklogo.com.png",
                            "createdAt": "2023-11-12T11:45:25.997Z",
                            "updatedAt": "2023-11-14T19:55:35.964Z",
                            "publishedAt": "2023-11-12T11:45:26.478Z",
                            "filename": "hamidiye.webp"
                        }
                    }
                }
            }
        },
        {
            "id": 241,
            "attributes": {
                "name": "Tursil",
                "imageUrl": "https://www.henkel.com.tr/resource/image/629994/1x1/1000/1000/c7b37e1ecee680e8e36e6edcc3c9a960/66296448F28CFBA34C3B0327063BE5CF/tursil-logo-png.webp",
                "proof": "Owned by **Henkel**.\n\n**Henkel** invests in Israeli technology namely by investing in Feelit. A company with its roots in Israël.",
                "priority": false,
                "createdAt": "2023-11-08T07:48:19.469Z",
                "updatedAt": "2023-11-21T00:21:29.875Z",
                "publishedAt": "2023-11-08T07:48:23.993Z",
                "proofUrl": "https://www.henkel.com/press-and-media/press-releases-and-kits/2021-01-07-henkel-invests-in-technology-start-up-feelit-1141594",
                "tags": null,
                "filename": "tursil.webp",
                "alternative": {
                    "data": {
                        "id": 42,
                        "attributes": {
                            "name": "Boron",
                            "imageUrl": null,
                            "createdAt": "2023-11-17T17:01:56.825Z",
                            "updatedAt": "2023-11-17T17:01:58.981Z",
                            "publishedAt": "2023-11-17T17:01:58.974Z",
                            "filename": "boron.webp"
                        }
                    }
                }
            }
        },
        {
            "id": 629,
            "attributes": {
                "name": "TV Land",
                "imageUrl": null,
                "proof": "Owned by **Paramount Global**.\n\n**Paramount Global** stated, 'We stand with the people of Israel and the global Jewish community.\"",
                "priority": false,
                "createdAt": "2023-11-19T23:47:20.278Z",
                "updatedAt": "2023-11-19T23:47:20.278Z",
                "publishedAt": "2023-11-20T00:14:12.269Z",
                "proofUrl": "https://variety.com/2023/film/news/hollywood-studios-israel-palestine-hamas-attacks-1235753540/",
                "tags": null,
                "filename": "TV_Land.webp",
                "alternative": {
                    "data": null
                }
            }
        },
        {
            "id": 470,
            "attributes": {
                "name": "Twix",
                "imageUrl": "https://1000logos.net/wp-content/uploads/2020/07/Twix-Logo.png",
                "proof": "Owned by **Mars Inc**.\n\n**Mars** will support Israeli start-ups and the formation of companies, and will work together with leading Israeli academic institutions, such as the Hebrew University, the Weizmann Institute, the Technion, Migall and Tel Hai College, among others, to further Foodtech innovations.",
                "priority": false,
                "createdAt": "2023-11-11T15:17:02.838Z",
                "updatedAt": "2023-11-21T00:43:18.516Z",
                "publishedAt": "2023-11-11T15:17:03.585Z",
                "proofUrl": "https://www.foodmanufacturing.com/home/news/13251464/mars-incorporated-partners-with-jerusalem-venture-partners-to-foster-foodtech-solutions-in-israel",
                "tags": null,
                "filename": "twix.webp",
                "alternative": {
                    "data": {
                        "id": 34,
                        "attributes": {
                            "name": "Tadelle",
                            "imageUrl": "https://marmarabati.com/images/1680430833.png",
                            "createdAt": "2023-11-12T12:08:11.213Z",
                            "updatedAt": "2023-11-14T19:57:38.728Z",
                            "publishedAt": "2023-11-12T12:08:29.753Z",
                            "filename": "tadelle.webp"
                        }
                    }
                }
            }
        },
        {
            "id": 25,
            "attributes": {
                "name": "Unilever",
                "imageUrl": "https://logowik.com/content/uploads/images/unilever-new6188.logowik.com.webp",
                "proof": "**Ben & Jerry's** is owned by **Unilever**. When **Ben & Jerry's** decided to stop selling its products in Israel, **Unilever** sold off the Israeli distribution rights to Avi Zinger to circumvent their decision and to force **Ben & Jerry's** brand name to continue selling in Israel.",
                "priority": false,
                "createdAt": "2023-11-06T18:18:52.816Z",
                "updatedAt": "2023-11-14T18:22:08.923Z",
                "publishedAt": "2023-11-06T20:52:25.759Z",
                "proofUrl": "https://www.unilever.com/news/press-and-media/press-releases/2022/unilever-reaches-new-business-arrangement-for-ben-jerrys-in-israel/",
                "tags": null,
                "filename": "unilever.webp",
                "alternative": {
                    "data": null
                }
            }
        },
        {
            "id": 591,
            "attributes": {
                "name": " Urban Decay",
                "imageUrl": null,
                "proof": "**Urban Decay** is owned by **L'Oreal.**\n\n**34.70%** of L’Oreal is owned by Mrs. Francoise Bettencourt Meyers and her family. **20.1%** of L’ Oreal is owned by **Nestle**. Nestle began **investing** in **Israel** in 1995 by buying 10% of Israeli food maker **Osem** Investments, increasing its ownership to 50.1% two years later giving it the controlling share and now owns a 53.8 percent stake in Osem Swiss food giant Nestle will set up a global research and development center for snack foods next year in Sderot, a town in Israel's Negev desert, the Maariv.",
                "priority": false,
                "createdAt": "2023-11-18T22:07:07.925Z",
                "updatedAt": "2024-01-02T21:23:13.130Z",
                "publishedAt": "2023-11-20T00:14:12.269Z",
                "proofUrl": "https://www.loreal-finance.com/eng/share-ownership",
                "tags": null,
                "filename": "urbandecay.webp",
                "alternative": {
                    "data": {
                        "id": 36,
                        "attributes": {
                            "name": "Lush",
                            "imageUrl": "https://upload.wikimedia.org/wikipedia/commons/6/61/Lush_Logo.png",
                            "createdAt": "2023-11-12T15:16:38.196Z",
                            "updatedAt": "2023-11-14T19:56:36.791Z",
                            "publishedAt": "2023-11-12T15:16:39.631Z",
                            "filename": "lush.webp"
                        }
                    }
                }
            }
        },
        {
            "id": 595,
            "attributes": {
                "name": " Valentino Beauty",
                "imageUrl": null,
                "proof": "**Valentino Beauty** is owned by **L'Oreal.**\n\n**34.70%** of L’Oreal is owned by Mrs. Francoise Bettencourt Meyers and her family. **20.1%** of L’ Oreal is owned by **Nestle**. Nestle began **investing** in **Israel** in 1995 by buying 10% of Israeli food maker **Osem** Investments, increasing its ownership to 50.1% two years later giving it the controlling share and now owns a 53.8 percent stake in Osem Swiss food giant Nestle will set up a global research and development center for snack foods next year in Sderot, a town in Israel's Negev desert, the Maariv.",
                "priority": false,
                "createdAt": "2023-11-18T22:10:55.953Z",
                "updatedAt": "2024-01-02T21:23:18.690Z",
                "publishedAt": "2023-11-20T00:14:12.269Z",
                "proofUrl": "https://www.loreal-finance.com/eng/share-ownership",
                "tags": null,
                "filename": "Valentino.webp",
                "alternative": {
                    "data": {
                        "id": 36,
                        "attributes": {
                            "name": "Lush",
                            "imageUrl": "https://upload.wikimedia.org/wikipedia/commons/6/61/Lush_Logo.png",
                            "createdAt": "2023-11-12T15:16:38.196Z",
                            "updatedAt": "2023-11-14T19:56:36.791Z",
                            "publishedAt": "2023-11-12T15:16:39.631Z",
                            "filename": "lush.webp"
                        }
                    }
                }
            }
        },
        {
            "id": 533,
            "attributes": {
                "name": "Vanish",
                "imageUrl": null,
                "proof": "Owned by **Reckitt Benckiser**\n\n**Reckitt Benckiser** signs a cooperation agreement with the Israel Innovation Authority.",
                "priority": false,
                "createdAt": "2023-11-14T15:23:23.894Z",
                "updatedAt": "2023-11-14T21:26:14.217Z",
                "publishedAt": "2023-11-20T00:14:12.269Z",
                "proofUrl": "https://en.globes.co.il/en/article-reckitt-benckiser-seeks-investments-in-israeli-cos-1001262747",
                "tags": null,
                "filename": "vanish.webp",
                "alternative": {
                    "data": null
                }
            }
        },
        {
            "id": 249,
            "attributes": {
                "name": "Vaseline",
                "imageUrl": "https://cdn.sanity.io/images/92ui5egz/production/2e567019d299a63e69c7cefa0a1bd0995c23ceb2-1080x1080.png?w=600&h=600&fit=crop&auto=format",
                "proof": "Owned by **Unilever**.\n\n**Vaseline** and Ben & Jerry's are owned by **Unilever**. When Ben & Jerry's decided to stop selling its products in Israel, **Unilever** sold off the Israeli distribution rights to Avi Zinger to circumvent their decision and to force Ben & Jerry's brand name to continue selling in Israel.",
                "priority": false,
                "createdAt": "2023-11-08T23:20:36.838Z",
                "updatedAt": "2023-11-14T18:22:20.543Z",
                "publishedAt": "2023-11-08T23:20:37.947Z",
                "proofUrl": "https://www.unilever.com/news/press-and-media/press-releases/2022/unilever-reaches-new-business-arrangement-for-ben-jerrys-in-israel/",
                "tags": null,
                "filename": "vaseline.webp",
                "alternative": {
                    "data": null
                }
            }
        },
        {
            "id": 529,
            "attributes": {
                "name": "Veet",
                "imageUrl": null,
                "proof": "Owned by **Reckitt Benckiser**\n\n**Reckitt Benckiser** signs a cooperation agreement with the Israel Innovation Authority.",
                "priority": false,
                "createdAt": "2023-11-14T15:17:47.651Z",
                "updatedAt": "2023-11-14T21:26:01.195Z",
                "publishedAt": "2023-11-20T00:14:12.269Z",
                "proofUrl": "https://en.globes.co.il/en/article-reckitt-benckiser-seeks-investments-in-israeli-cos-1001262747",
                "tags": null,
                "filename": "veet.webp",
                "alternative": {
                    "data": null
                }
            }
        },
        {
            "id": 276,
            "attributes": {
                "name": "Venus",
                "imageUrl": "https://1000logos.net/wp-content/uploads/2021/04/Venus-logo.png",
                "proof": "Owned by **Procter and Gamble**.\n\n**Procter and Gamble** opened an R&D center in Tel Aviv, Occupied Palestine, in which it invests $2bn annually.",
                "priority": false,
                "createdAt": "2023-11-09T23:15:25.026Z",
                "updatedAt": "2023-11-14T18:22:43.410Z",
                "publishedAt": "2023-11-09T23:15:50.459Z",
                "proofUrl": "https://www.forbes.com/sites/ricardogeromel/2012/05/16/procter-and-gamble-israel-startup/?sh=766ad3d811f5",
                "tags": null,
                "filename": "venus.webp",
                "alternative": {
                    "data": null
                }
            }
        },
        {
            "id": 545,
            "attributes": {
                "name": "Verily",
                "imageUrl": null,
                "proof": "**Verily** is owned by **Google**\n\nAmazon and Google are working together on **Project Nimbus**. \n**Project Nimbus** is a $1.2bn contract to provide cloud services for the **Israeli military and government**. This technology allows for further surveillance of and **unlawful data collection** on Palestinians, and facilitates expansion of Israel’s **illegal settlements** on Palestinian land.",
                "priority": false,
                "createdAt": "2023-11-16T19:29:32.708Z",
                "updatedAt": "2023-11-18T14:50:15.974Z",
                "publishedAt": "2023-11-18T15:16:54.661Z",
                "proofUrl": "https://www.theguardian.com/commentisfree/2021/oct/12/google-amazon-workers-condemn-project-nimbus-israeli-military-contract",
                "tags": null,
                "filename": "verily.webp",
                "alternative": {
                    "data": null
                }
            }
        },
        {
            "id": 238,
            "attributes": {
                "name": "Viber",
                "imageUrl": "https://cdn-icons-png.flaticon.com/512/124/124016.png",
                "proof": "Founder, Talmon Marco, is a zionist who supports IDF operations in Gaza.",
                "priority": false,
                "createdAt": "2023-11-07T13:22:47.755Z",
                "updatedAt": "2023-11-14T18:22:52.609Z",
                "publishedAt": "2023-11-07T13:22:48.896Z",
                "proofUrl": "https://twitter.com/duras",
                "tags": null,
                "filename": "viber.webp",
                "alternative": {
                    "data": null
                }
            }
        },
        {
            "id": 303,
            "attributes": {
                "name": "Vicks",
                "imageUrl": "https://upload.wikimedia.org/wikipedia/commons/6/65/VicksLogo.png",
                "proof": "Owned by **Procter and Gamble**.\n\n**Procter and Gamble** opened an R&D center in Tel Aviv, Occupied Palestine, in which it invests $2bn annually.",
                "priority": false,
                "createdAt": "2023-11-10T17:17:54.118Z",
                "updatedAt": "2023-11-14T18:23:03.037Z",
                "publishedAt": "2023-11-10T22:48:05.579Z",
                "proofUrl": "https://www.forbes.com/sites/ricardogeromel/2012/05/16/procter-and-gamble-israel-startup/?sh=766ad3d811f5",
                "tags": null,
                "filename": "vicks.webp",
                "alternative": {
                    "data": null
                }
            }
        },
        {
            "id": 631,
            "attributes": {
                "name": "VidCon",
                "imageUrl": null,
                "proof": "Owned by **Paramount Global**.\n\n**Paramount Global** stated, 'We stand with the people of Israel and the global Jewish community.\"",
                "priority": false,
                "createdAt": "2023-11-19T23:49:03.765Z",
                "updatedAt": "2023-11-20T00:34:01.535Z",
                "publishedAt": "2023-11-20T00:14:12.269Z",
                "proofUrl": "https://variety.com/2023/film/news/hollywood-studios-israel-palestine-hamas-attacks-1235753540/",
                "tags": null,
                "filename": "vidconn.webp",
                "alternative": {
                    "data": null
                }
            }
        },
        {
            "id": 594,
            "attributes": {
                "name": "Viktor & Rolf",
                "imageUrl": null,
                "proof": "**Viktor & Rolf** is owned by **L'Oreal.**\n\n**34.70%** of L’Oreal is owned by Mrs. Francoise Bettencourt Meyers and her family. **20.1%** of L’ Oreal is owned by **Nestle**. Nestle began **investing** in **Israel** in 1995 by buying 10% of Israeli food maker **Osem** Investments, increasing its ownership to 50.1% two years later giving it the controlling share and now owns a 53.8 percent stake in Osem Swiss food giant Nestle will set up a global research and development center for snack foods next year in Sderot, a town in Israel's Negev desert, the Maariv.",
                "priority": false,
                "createdAt": "2023-11-18T22:10:27.032Z",
                "updatedAt": "2024-01-02T21:23:37.239Z",
                "publishedAt": "2023-11-20T00:14:12.269Z",
                "proofUrl": "https://www.loreal-finance.com/eng/share-ownership",
                "tags": null,
                "filename": "viktor&rolf.webp",
                "alternative": {
                    "data": {
                        "id": 36,
                        "attributes": {
                            "name": "Lush",
                            "imageUrl": "https://upload.wikimedia.org/wikipedia/commons/6/61/Lush_Logo.png",
                            "createdAt": "2023-11-12T15:16:38.196Z",
                            "updatedAt": "2023-11-14T19:56:36.791Z",
                            "publishedAt": "2023-11-12T15:16:39.631Z",
                            "filename": "lush.webp"
                        }
                    }
                }
            }
        },
        {
            "id": 477,
            "attributes": {
                "name": "Vitalinea",
                "imageUrl": "https://www.grupodanone.com.mx/media/436326/vitalinea_logo.png",
                "proof": "Owned by **Danone**.\n\n**Danone** leads an investment of about NIS 12.5 million in Israel's Wilk, alongside Israeli milk firm Tara.",
                "priority": false,
                "createdAt": "2023-11-11T15:46:12.821Z",
                "updatedAt": "2023-11-14T18:23:16.680Z",
                "publishedAt": "2023-11-11T15:46:13.756Z",
                "proofUrl": "https://www.jpost.com/business-and-innovation/banking-and-finance/article-743853",
                "tags": null,
                "filename": "vitalinea.webp",
                "alternative": {
                    "data": null
                }
            }
        },
        {
            "id": 384,
            "attributes": {
                "name": "vitaminwater",
                "imageUrl": "https://upload.wikimedia.org/wikipedia/fr/d/d9/Logo_Glac%C3%A9au_vitaminwater.png",
                "proof": "Owned by **The Coca-Cola Company**.\n\n**Coca-Cola Israel** owns dairy farms in the illegal Israeli settlements of Shadmot Mechola in the Jordan Valley and a plant in the industrial zone of Katzerin in the occupied Golan Heights.",
                "priority": false,
                "createdAt": "2023-11-11T14:29:56.412Z",
                "updatedAt": "2023-11-14T18:23:25.863Z",
                "publishedAt": "2023-11-11T14:29:58.275Z",
                "proofUrl": "http://www.inminds.com/boycott-coca-cola.html",
                "tags": null,
                "filename": "vitaminwater.webp",
                "alternative": {
                    "data": null
                }
            }
        },
        {
            "id": 147,
            "attributes": {
                "name": "Vittel",
                "imageUrl": "https://www.pinnaclegastro.com/img/vittel/vittel-logo.jpg",
                "proof": "Owned by **Nestlé**.\n\n**Nestlé** is 100% owned by swiss. **Nestlé** began investing in Israel in 1995 by buying 10% of Israeli food maker Osem Investments, increasing its ownership to 50.1% two years later giving it the controlling share and now owns a 53.8 percent stake in Osem Swiss food giant **Nestlé** will set up a global research and development centre for snack foods in Sderot, a town in Israel's Negev desert, the Maariv newspaper reported on Sunday. ",
                "priority": false,
                "createdAt": "2023-11-06T22:18:50.763Z",
                "updatedAt": "2023-11-14T18:23:36.827Z",
                "publishedAt": "2023-11-06T23:15:41.880Z",
                "proofUrl": "https://www.just-food.com/news/israel-nestle-to-up-stake-in-osem/?cf-view",
                "tags": null,
                "filename": "vittel.webp",
                "alternative": {
                    "data": {
                        "id": 29,
                        "attributes": {
                            "name": "Hamidiye Su",
                            "imageUrl": "https://seeklogo.com/images/H/hamidiye-logo-66D9D05F2E-seeklogo.com.png",
                            "createdAt": "2023-11-12T11:45:25.997Z",
                            "updatedAt": "2023-11-14T19:55:35.964Z",
                            "publishedAt": "2023-11-12T11:45:26.478Z",
                            "filename": "hamidiye.webp"
                        }
                    }
                }
            }
        },
        {
            "id": 365,
            "attributes": {
                "name": "Walkers",
                "imageUrl": "https://static.wikia.nocookie.net/logopedia/images/f/f0/Walkers-2007.png/revision/latest?cb=20210923175945",
                "proof": "Owned by **PepsiCo**.\n\n**PepsiCo** bought SodaStream for $3.2bn and owns 50% of Sabra both of which had taken advantage of the Israeli occupation of Palestine.",
                "priority": false,
                "createdAt": "2023-11-11T14:13:46.898Z",
                "updatedAt": "2023-11-14T18:23:45.943Z",
                "publishedAt": "2023-11-11T14:13:47.704Z",
                "proofUrl": "https://www.bloomberg.com/view/articles/2018-08-22/pepsico-s-sodastream-purchase-is-sweet-news-for-israelis?leadSource=uverify%20wall#xj4y7vzkg",
                "tags": null,
                "filename": "walkers.webp",
                "alternative": {
                    "data": {
                        "id": 16,
                        "attributes": {
                            "name": "Croky",
                            "imageUrl": "https://www.makeitfly.group/sites/default/files/styles/inline_image/public/2023-05/logo%20%282%29.png?itok=Lhxib8Op",
                            "createdAt": "2023-11-08T13:20:25.221Z",
                            "updatedAt": "2023-11-14T19:54:34.498Z",
                            "publishedAt": "2023-11-08T13:20:27.024Z",
                            "filename": "croky.webp"
                        }
                    }
                }
            }
        },
        {
            "id": 250,
            "attributes": {
                "name": "Wall's",
                "imageUrl": "https://cdn.sanity.io/images/92ui5egz/production/88537a9efbbd962b3ff2f063af7b7b6985c146bc-1080x1080.png?w=600&h=600&fit=crop&auto=format",
                "proof": "Owned by **Unilever**.\n\n**Wall's** and Ben & Jerry's are owned by **Unilever**. When Ben & Jerry's decided to stop selling its products in Israel, **Unilever** sold off the Israeli distribution rights to Avi Zinger to circumvent their decision and to force Ben & Jerry's brand name to continue selling in Israel.",
                "priority": false,
                "createdAt": "2023-11-08T23:22:49.268Z",
                "updatedAt": "2023-11-14T18:23:54.930Z",
                "publishedAt": "2023-11-08T23:22:52.799Z",
                "proofUrl": "https://www.unilever.com/news/press-and-media/press-releases/2022/unilever-reaches-new-business-arrangement-for-ben-jerrys-in-israel/",
                "tags": null,
                "filename": "wall's.webp",
                "alternative": {
                    "data": {
                        "id": 27,
                        "attributes": {
                            "name": "Eti",
                            "imageUrl": "https://upload.wikimedia.org/wikipedia/commons/c/c3/Eti_logo.png",
                            "createdAt": "2023-11-12T11:07:28.945Z",
                            "updatedAt": "2023-11-14T19:54:57.363Z",
                            "publishedAt": "2023-11-12T11:07:29.554Z",
                            "filename": "eti.webp"
                        }
                    }
                }
            }
        },
        {
            "id": 543,
            "attributes": {
                "name": "Waymo",
                "imageUrl": null,
                "proof": "**Waymo** is owned by **Google**\n\nAmazon and Google are working together on **Project Nimbus**. \n**Project Nimbus** is a $1.2bn contract to provide cloud services for the **Israeli military and government**. This technology allows for further surveillance of and **unlawful data collection** on Palestinians, and facilitates expansion of Israel’s **illegal settlements** on Palestinian land.",
                "priority": false,
                "createdAt": "2023-11-16T19:26:50.036Z",
                "updatedAt": "2023-11-18T14:50:45.706Z",
                "publishedAt": "2023-11-18T15:16:54.661Z",
                "proofUrl": "https://www.theguardian.com/commentisfree/2021/oct/12/google-amazon-workers-condemn-project-nimbus-israeli-military-contract",
                "tags": null,
                "filename": "waymo.webp",
                "alternative": {
                    "data": null
                }
            }
        },
        {
            "id": 213,
            "attributes": {
                "name": "Wells Fargo",
                "imageUrl": "https://upload.wikimedia.org/wikipedia/commons/thumb/e/e2/Wells_Fargo_Logo_%282020%29.svg/800px-Wells_Fargo_Logo_%282020%29.svg.png",
                "proof": "**Wells Fargo** was part of a $500m loan deal with a consortium of lenders, into Elbit Systems Ltd, the Israeli weapons manufacturer.",
                "priority": false,
                "createdAt": "2023-11-06T23:51:45.440Z",
                "updatedAt": "2023-11-14T18:24:52.003Z",
                "publishedAt": "2023-11-06T23:51:46.213Z",
                "proofUrl": "https://breachmedia.ca/revealed-bmo-bankrolled-israeli-weapons-maker-with-a-90m-loan/",
                "tags": null,
                "filename": "wells-fargo.webp",
                "alternative": {
                    "data": null
                }
            }
        },
        {
            "id": 564,
            "attributes": {
                "name": "Wheat Thins",
                "imageUrl": null,
                "proof": "Owned by **Mondelez International, Inc.**\n\n**Mondelez International Inc.** on Nov. 10(2020) announced a seed investment in Torr FoodTech, an early stage company based in Israel that has developed proprietary technology Mondelez said “brings real, simple ingredients together to offer multi-textural, sensorial experiences.\"",
                "priority": false,
                "createdAt": "2023-11-16T19:46:05.714Z",
                "updatedAt": "2023-11-18T14:43:21.649Z",
                "publishedAt": "2023-11-18T15:16:54.661Z",
                "proofUrl": "https://www.foodbusinessnews.net/articles/17261-mondelez-invests-in-israel-food-tech-startup",
                "tags": null,
                "filename": "wheat-tins.webp",
                "alternative": {
                    "data": null
                }
            }
        },
        {
            "id": 491,
            "attributes": {
                "name": "Whiskas",
                "imageUrl": "https://1000logos.net/wp-content/uploads/2023/03/Whiskas-Logo-2003.png",
                "proof": "Owned by **Mars Inc**.\n\n**Mars** will support Israeli start-ups and the formation of companies, and will work together with leading Israeli academic institutions, such as the Hebrew University, the Weizmann Institute, the Technion, Migall and Tel Hai College, among others, to further Foodtech innovations.",
                "priority": false,
                "createdAt": "2023-11-11T19:21:11.571Z",
                "updatedAt": "2023-11-21T00:43:13.401Z",
                "publishedAt": "2023-11-11T19:21:13.045Z",
                "proofUrl": "https://www.foodmanufacturing.com/home/news/13251464/mars-incorporated-partners-with-jerusalem-venture-partners-to-foster-foodtech-solutions-in-israel",
                "tags": null,
                "filename": "whiskas.webp",
                "alternative": {
                    "data": null
                }
            }
        }
    ],
    "meta": {
        "pagination": {
            "start": 550,
            "limit": 50,
            "total": 620
        }
    }
}