{
  "rules": {
    "arrow-return-shorthand": true,
    "callable-types": true,
    "class-name": true,
    "deprecation": {
      "severity": "warn"
    },
    "forin": true,
    "interface-over-type-literal": true,
    "label-position": true,
    "member-access": false,
    "member-ordering": [
      true,
      {
        "order": [
          "static-field",
          "instance-field",
          "static-method",
          "instance-method"
        ]
      }
    ],
    "no-arg": true,
    "no-bitwise": true,
    "no-console": [
      true,
      "debug",
      "info",
      "time",
      "timeEnd",
      "trace"
    ],
    "no-construct": true,
    "no-debugger": true,
    "no-duplicate-super": true,
    "no-empty": false,
    "no-empty-interface": true,
    "no-eval": true,
    "no-inferrable-types": [
      true,
      "ignore-params"
    ],
    "no-misused-new": true,
    "no-non-null-assertion": true,
    "no-shadowed-variable": true,
    "no-string-literal": false,
    "no-string-throw": true,
    "no-switch-case-fall-through": true,
    "no-unnecessary-initializer": true,
    "no-unused-expression": true,
    "no-unused-variable": true,
    "no-use-before-declare": true,
    "no-var-keyword": true,
    "object-literal-sort-keys": false,
    "prefer-const": true,
    "radix": true,
    "triple-equals": [
      true,
      "allow-null-check"
    ],
    "unified-signatures": true,
    "variable-name": [
      true,
      "ban-keywords",
      "check-format",
      "allow-leading-underscore"
    ],
    "whitespace": [
      true,
      "check-branch",
      "check-decl",
      "check-operator",
      "check-separator",
      "check-type"
    ],
    "no-output-on-prefix": true,
    "use-input-property-decorator": true,
    "use-output-property-decorator": true,
    "use-host-property-decorator": true,
    "no-input-rename": true,
    "no-output-rename": true,
    "use-life-cycle-interface": true,
    "use-pipe-transform-interface": true,
    "component-class-suffix": true,
    "directive-class-suffix": true,
    "banana-in-box": true,
    "templates-no-negated-async": true,
    "use-view-encapsulation": true,
    "no-attribute-parameter-decorator": true,
    "no-forward-ref": true,
    "templates-use-public": true,
    "no-access-missing-member": true,
    "invoke-injectable": true,
    "template-to-ng-template": true
  }
}
