[
  {
    "name": "Adidas",
    "reason": "**Adidas Underwear Partnership**\n\n**Adidas Underwear** has partnered with **Delta Galil Industries**, Ltd. (DELT/Tel Aviv Stock Exchange), the global manufacturer and marketer of branded and private label apparel products for men, women, and children. **Delta Galil Industries** is an **Israeli** textile firm headquartered in **Tel Aviv**, with plants around the world.",
    "proof": "https://adidasunderwear.com/pages/adidas-underwear-partnership"
  },
  {
    "name": "Amazon",
    "reason": "Amazon and Google are working together on **Project Nimbus**. \n**Project Nimbus** is a $1.2bn contract to provide cloud services for the **Israeli military and government**. This technology allows for further surveillance of and **unlawful data collection** on Palestinians, and facilitates expansion of Israel’s **illegal settlements** on Palestinian land.",
    "proof": "https://www.theguardian.com/commentisfree/2021/oct/12/google-amazon-workers-condemn-project-nimbus-israeli-military-contract"
  },
  {
    "name": "Ariel",
    "reason": "Owned by **Procter and Gamble**.\n\n**Procter and Gamble** opened an R&D center in Tel Aviv, Occupied Palestine, in which it invests $2bn annually.",
    "proof": "https://www.forbes.com/sites/ricardogeromel/2012/05/16/procter-and-gamble-israel-startup/?sh=766ad3d811f5"
  },
  {
    "name": "AXA",
    "reason": "**AXA** invests in Israeli banks, which finance the theft of Palestinian land and natural resources.",
    "proof": "https://bdsmovement.net/axa-divest"
  },
  {
    "name": "Bank of America",
    "reason": "**Bank of America** was part of a $500m loan deal with a consortium of lenders, into Elbit Systems Ltd, the Israeli weapons manufacturer.",
    "proof": "https://breachmedia.ca/revealed-bmo-bankrolled-israeli-weapons-maker-with-a-90m-loan/"
  },
  {
    "name": "BNP Paribas",
    "reason": "**BNP Paribas** was part of a $500m loan deal with a consortium of lenders, into Elbit Systems Ltd, the Israeli weapons manufacturer.",
    "proof": "https://breachmedia.ca/revealed-bmo-bankrolled-israeli-weapons-maker-with-a-90m-loan/"
  },
  {
    "name": "Booking.com",
    "reason": "**Booking.com** allows listings in occupied Palestinian territory, and after announcing it will remove 200 of such listings, it reversed its decision, showing it is knowingly complicit in Israels occupation.",
    "proof": "https://www.aljazeera.com/news/2022/10/5/is-booking-com-reversal-palestine-corporate-hypocrisy"
  },
  {
    "name": "Burger King",
    "reason": "**Burger King** Israel supports IDF by providing free food and drinks to Israeli militants.",
    "proof": "https://www.instagram.com/p/CyORRWHIqeH/?img_index=1"
  },
  {
    "name": "Carrefour",
    "reason": "**The Carrefour Group** has opened around 50 stores in Israel and is planning to open a further 100 by 2024.",
    "proof": "https://www.carrefour.com/en/news/2023/arrivee-de-carrefour-en-israel"
  },
  {
    "name": "Chanel",
    "reason": "**Chanel** reportedly said it will make a donation of $4 million to organizations providing emergency humanitarian aid to southern Israel",
    "proof": "https://www.algemeiner.com/2023/10/18/chanel-tory-burch-others-fashion-donate-help-israelis-impacted-hamas-war/"
  },
  {
    "name": "Cif",
    "reason": "Owned by **Unilever**.\n\n**Cif** and Ben & Jerry's are owned by **Unilever**. When Ben & Jerry's decided to stop selling its products in Israel, **Unilever** sold off the Israeli distribution rights to Avi Zinger to circumvent their decision and to force Ben & Jerry's brand name to continue selling in Israel.",
    "proof": "https://www.unilever.com/news/press-and-media/press-releases/2022/unilever-reaches-new-business-arrangement-for-ben-jerrys-in-israel/"
  },
  {
    "name": "Coca Cola",
    "reason": "Owned by **The Coca-Cola Company**.\n\n**Coca-Cola Israel** owns dairy farms in the illegal Israeli settlements of Shadmot Mechola in the Jordan Valley and a plant in the industrial zone of Katzerin in the occupied Golan Heights.",
    "proof": "http://www.inminds.com/boycott-coca-cola.html"
  },
  {
    "name": "Commerzbank AG",
    "reason": "**Commerzbank's** stated, 'The violence against the Israeli civilian population is unjustifiable. We as **Commerzbank** mourn the victims of this senseless outbreak of violence and stand by Israel's side.'",
    "proof": "https://de.linkedin.com/posts/commerzbank-ag_israel-activity-7117085362274885632-VixY?trk=public_profile_like_view"
  },
  {
    "name": "Dash",
    "reason": "Owned by **Procter and Gamble**.\n\n**Procter and Gamble** opened an R&D center in Tel Aviv, Occupied Palestine, in which it invests $2bn annually.",
    "proof": "https://www.forbes.com/sites/ricardogeromel/2012/05/16/procter-and-gamble-israel-startup/?sh=766ad3d811f5"
  },
  {
    "name": "Dell",
    "reason": "Michael Dell, the founder of **Dell**, is a member of the Friends of the IDF, which raises money for the Israeli military. He has donated millions so far and continues to do so.",
    "proof": "https://www.bloomberg.com/news/articles/2014-11-07/ellison-adelson-donate-to-israeli-soldiers?leadSource=uverify%20wall#xj4y7vzkg"
  },
  {
    "name": "Dior",
    "reason": "Dior is owned by **LVMH**.\n\nBernard Arnault, the chairman and **CEO** of **LMVH** Moet Hennessy-Louis Vuitton, and the world’s richest man according to Forbes, has **invested** in cybersecurity firm, **Wiz**, the **Israeli** maker of cloud security solutions for enterprises.",
    "proof": "https://www.timesofisrael.com/luxury-goods-magnate-bernard-arnault-invests-in-israeli-cybersecurity-firm-wiz/"
  },
  {
    "name": "Disney",
    "reason": "Owned by **The Walt Disney Company**.\n\n**The Walt Disney Company** Donates To Support Humanitarian Relief Following Terrorist Attacks In Israel.",
    "proof": "https://thewaltdisneycompany.com/the-walt-disney-company-donates-to-support-humanitarian-relief-following-terrorist-attacks-in-israel-2/"
  },
  {
    "name": "Doritos",
    "reason": "Owned by **PepsiCo**.\n\n**PepsiCo** bought SodaStream for $3.2bn and owns 50% of Sabra both of which had taken advantage of the Israeli occupation of Palestine.",
    "proof": "https://www.bloomberg.com/view/articles/2018-08-22/pepsico-s-sodastream-purchase-is-sweet-news-for-israelis?leadSource=uverify%20wall#xj4y7vzkg"
  },
  {
    "name": "Dove",
    "reason": "Owned by **Unilever**.\n\n**Persil** and Ben & Jerry's are owned by **Unilever**. When Ben & Jerry's decided to stop selling its products in Israel, **Unilever** sold off the Israeli distribution rights to Avi Zinger to circumvent their decision and to force Ben & Jerry's brand name to continue selling in Israel.",
    "proof": "https://www.unilever.com/news/press-and-media/press-releases/2022/unilever-reaches-new-business-arrangement-for-ben-jerrys-in-israel/"
  },
  {
    "name": "Dreft",
    "reason": "Owned by **Procter and Gamble**.\n\n**Procter and Gamble** opened an R&D center in Tel Aviv, Occupied Palestine, in which it invests $2bn annually.",
    "proof": "https://www.forbes.com/sites/ricardogeromel/2012/05/16/procter-and-gamble-israel-startup/?sh=766ad3d811f5"
  },
  {
    "name": "Fanta",
    "reason": "Owned by **The Coca-Cola Company**.\n\n**Coca-Cola Israel** owns dairy farms in the illegal Israeli settlements of Shadmot Mechola in the Jordan Valley and a plant in the industrial zone of Katzerin in the occupied Golan Heights.",
    "proof": "http://www.inminds.com/boycott-coca-cola.html"
  },
  {
    "name": "Fendi",
    "reason": "Fendi is owned by **LVMH**.\n\nBernard Arnault, the chairman and **CEO** of **LMVH** Moet Hennessy-Louis Vuitton, and the world’s richest man according to Forbes, has **invested** in cybersecurity firm, **Wiz**, the **Israeli** maker of cloud security solutions for enterprises.",
    "proof": "https://www.timesofisrael.com/luxury-goods-magnate-bernard-arnault-invests-in-israeli-cybersecurity-firm-wiz/"
  },
  {
    "name": "Fuze Tea",
    "reason": "Owned by **The Coca-Cola Company**.\n\n**Coca-Cola Israel** owns dairy farms in the illegal Israeli settlements of Shadmot Mechola in the Jordan Valley and a plant in the industrial zone of Katzerin in the occupied Golan Heights.",
    "proof": "http://www.inminds.com/boycott-coca-cola.html"
  },
  {
    "name": "Gillette",
    "reason": "Owned by **Procter and Gamble**.\n\n**Procter and Gamble** opened an R&D center in Tel Aviv, Occupied Palestine, in which it invests $2bn annually.",
    "proof": "https://www.forbes.com/sites/ricardogeromel/2012/05/16/procter-and-gamble-israel-startup/?sh=766ad3d811f5"
  },
  {
    "name": "Givenchy",
    "reason": "Givenchy is owned by **LVMH**.\n\nBernard Arnault, the chairman and **CEO** of **LMVH** Moet Hennessy-Louis Vuitton, and the world’s richest man according to Forbes, has **invested** in cybersecurity firm, **Wiz**, the **Israeli** maker of cloud security solutions for enterprises.",
    "proof": "https://www.timesofisrael.com/luxury-goods-magnate-bernard-arnault-invests-in-israeli-cybersecurity-firm-wiz/"
  },
  {
    "name": "Google",
    "reason": "Amazon and Google are working together on **Project Nimbus**. \n\n**Project Nimbus** is a $1.2bn contract to provide cloud services for the **Israeli military and government**. This technology allows for further surveillance of and **unlawful data collection** on Palestinians, and facilitates expansion of Israel’s **illegal settlements** on Palestinian land.",
    "proof": "https://www.theguardian.com/commentisfree/2021/oct/12/google-amazon-workers-condemn-project-nimbus-israeli-military-contract"
  },
  {
    "name": "Google Chrome",
    "reason": "**Google Chrome** is owned by **Google**\n\nAmazon and Google are working together on **Project Nimbus**. \n**Project Nimbus** is a $1.2bn contract to provide cloud services for the **Israeli military and government**. This technology allows for further surveillance of and **unlawful data collection** on Palestinians, and facilitates expansion of Israel’s **illegal settlements** on Palestinian land.\n",
    "proof": "https://www.theguardian.com/commentisfree/2021/oct/12/google-amazon-workers-condemn-project-nimbus-israeli-military-contract"
  },
  {
    "name": "Head & Schoulders",
    "reason": "Owned by **Procter and Gamble**.\n\n**Procter and Gamble** opened an R&D center in Tel Aviv, Occupied Palestine, in which it invests $2bn annually.",
    "proof": "https://www.forbes.com/sites/ricardogeromel/2012/05/16/procter-and-gamble-israel-startup/?sh=766ad3d811f5"
  },
  {
    "name": "H&M",
    "reason": "**H&M** maintains a notable presence in Israel with approximately 20 stores, signifying its substantial retail footprint and market engagement in the region.",
    "proof": "https://www.hm.com/is/store-locator/israel/"
  },
  {
    "name": "HP (Hewlett Packard)",
    "reason": "HP provides computer hardware to the Israeli army and maintains data centers through their servers for the Israeli police.",
    "proof": "https://bdsmovement.net/boycott-hp"
  },
  {
    "name": "Intel",
    "reason": "**Intel** has longstanding operations in Israel, deeply involved in the technology sector, particularly in chip manufacturing. Recently, **Intel** withdrew from the Web Summit, Europe's largest technology conference, in response to the event leader's remarks criticizing Western support for Israel following attacks. This decision highlights the company's stance and its significant business interests in Israel.",
    "proof": "https://fortune.com/2023/10/19/intel-siemens-web-summit-withdrew-israel-hamas-attack/"
  },
  {
    "name": "KFC",
    "reason": "Owned by **Yum! Brands**.\n\n**Yum! Brands** is an investor in Israeli start ups.",
    "proof": "https://www.calcalistech.com/ctech/articles/0,7340,L-3901254,00.html"
  },
  {
    "name": "Lay's",
    "reason": "Owned by **PepsiCo**.\n\n**PepsiCo** bought SodaStream for $3.2bn and owns 50% of Sabra both of which had taken advantage of the Israeli occupation of Palestine.",
    "proof": "https://www.bloomberg.com/view/articles/2018-08-22/pepsico-s-sodastream-purchase-is-sweet-news-for-israelis?leadSource=uverify%20wall#xj4y7vzkg"
  },
  {
    "name": "LIDL",
    "reason": "Dieter Schwarz is the owner of **LIDL**.\n\nDieter Schwarz's family office fund, Zukunftsfonds Heilbronn (ZFHN), is gearing up to invest millions in Israeli technologies. The fund plans to invest between $500,000 and several million dollars in **Israeli** seed and pre-seed companies, focusing on areas like IoT, robotics, autonomous driving, energy systems, new materials, and biotech.",
    "proof": "https://en.globes.co.il/en/article-german-billionaire-seeks-israeli-high-tech-investments-1001238937"
  },
  {
    "name": "Lipton",
    "reason": "Owned by **PepsiCo**.\n\n**PepsiCo** bought SodaStream for $3.2bn and owns 50% of Sabra both of which had taken advantage of the Israeli occupation of Palestine.",
    "proof": "https://www.bloomberg.com/view/articles/2018-08-22/pepsico-s-sodastream-purchase-is-sweet-news-for-israelis?leadSource=uverify%20wall#xj4y7vzkg"
  },
  {
    "name": "L’Oreal",
    "reason": "34.70% of L’Oreal is owned by Mrs. Francoise Bettencourt Meyers and her family. 20.1% of L’ Oreal is owned by Nestle. Nestle began investing in Israel in 1995 by buying 10% of Israeli food maker Osem Investments, increasing its ownership to 50.1% two years later giving it the controlling share and now owns a 53.8 percent stake in Osem Swiss food giant Nestle will set up a global research and development center for snack foods next year in Sderot, a town in Israel's Negev desert, the Maariv. ",
    "proof": "https://www.loreal-finance.com/eng/share-ownership"
  },
  {
    "name": "MAC ",
    "reason": "MAC cosmetics is owned by **Estée Lauder**\n\n**Ronald Lauder**, who together with his brother Leonard Lauder inherited the Estee Lauder company, is the president of the **World Jewish Congress**, and chairman of the Jewish National Fund, and is a **zionist** with extremist views and financially and politically supports **Israeli** occupation of Palestinian land.",
    "proof": "https://www.jnf.org/menu-3/speakers-bureau/bio-page?id=830973c9-caae-67a8-a4cf-ff000038378d"
  },
  {
    "name": "McDonald's",
    "reason": "**McDonald's** Israel announced that it's giving away thousands of free meals to the Israel Defence Forces and citizens.",
    "proof": "https://www.businessinsider.com/mcdonalds-donating-thousands-meals-idf-israeli-citizens-hamas-attacks-2023"
  },
  {
    "name": "Mercedes-Benz",
    "reason": "**Mercedes-Benz** is donating €1m to the aid organisation United Hatzalah, which is an organization for emergency medical services in Israel.",
    "proof": "https://www.jewishnews.co.uk/mercedes-boss-deeply-shaken-by-events-since-terrorist-attacks-against-israel/"
  },
  {
    "name": "Minute Maid",
    "reason": "Owned by **The Coca-Cola Company**.\n\n**Coca-Cola Israel** owns dairy farms in the illegal Israeli settlements of Shadmot Mechola in the Jordan Valley and a plant in the industrial zone of Katzerin in the occupied Golan Heights.",
    "proof": "http://www.inminds.com/boycott-coca-cola.html"
  },
  {
    "name": "M&M's",
    "reason": "Owned by **Mars Inc**.\n\n**Mars** will support Israeli start-ups and the formation of companies, and will work together with leading Israeli academic institutions, such as the Hebrew University, the Weizmann Institute, the Technion, Migall and Tel Hai College, among others, to further Foodtech innovations.",
    "proof": "https://www.foodmanufacturing.com/home/news/13251464/mars-incorporated-partners-with-jerusalem-venture-partners-to-foster-foodtech-solutions-in-israel"
  },
  {
    "name": "Mountain Dew",
    "reason": "Owned by **PepsiCo**.\n\n**PepsiCo** bought SodaStream for $3.2bn and owns 50% of Sabra both of which had taken advantage of the Israeli occupation of Palestine.",
    "proof": "https://www.bloomberg.com/view/articles/2018-08-22/pepsico-s-sodastream-purchase-is-sweet-news-for-israelis?leadSource=uverify%20wall#xj4y7vzkg"
  },
  {
    "name": "Mr.Clean",
    "reason": "Owned by **Procter and Gamble**.\n\n**Procter and Gamble** opened an R&D center in Tel Aviv, Occupied Palestine, in which it invests $2bn annually.",
    "proof": "https://www.forbes.com/sites/ricardogeromel/2012/05/16/procter-and-gamble-israel-startup/?sh=766ad3d811f5"
  },
  {
    "name": "Nescafé ",
    "reason": "Owned by **Nestlé**.\n\n**Nestlé** is 100% owned by swiss. **Nestlé** began investing in Israel in 1995 by buying 10% of Israeli food maker Osem Investments, increasing its ownership to 50.1% two years later giving it the controlling share and now owns a 53.8 percent stake in Osem Swiss food giant **Nestlé** will set up a global research and development centre for snack foods in Sderot, a town in Israel's Negev desert, the Maariv newspaper reported on Sunday. ",
    "proof": "https://www.just-food.com/news/israel-nestle-to-up-stake-in-osem/?cf-view"
  },
  {
    "name": "Nespresso",
    "reason": "Owned by **Nestlé**.\n\n**Nestlé** is 100% owned by swiss. **Nestlé** began investing in Israel in 1995 by buying 10% of Israeli food maker Osem Investments, increasing its ownership to 50.1% two years later giving it the controlling share and now owns a 53.8 percent stake in Osem Swiss food giant **Nestlé** will set up a global research and development centre for snack foods in Sderot, a town in Israel's Negev desert, the Maariv newspaper reported on Sunday. ",
    "proof": "https://www.just-food.com/news/israel-nestle-to-up-stake-in-osem/?cf-view"
  },
  {
    "name": "Nvidia",
    "reason": "**Nvidia** is building a supercomputer for Israel, which will undoubtedly be used to continue its oppression of Palestinians and enforce their apartheid.",
    "proof": "https://www.reuters.com/technology/nvidia-build-israeli-supercomputer-ai-demand-soars-2023-05-29/"
  },
  {
    "name": "Oral-B",
    "reason": "Owned by **Procter and Gamble**.\n\n**Procter and Gamble** opened an R&D center in Tel Aviv, Occupied Palestine, in which it invests $2bn annually.",
    "proof": "https://www.forbes.com/sites/ricardogeromel/2012/05/16/procter-and-gamble-israel-startup/?sh=766ad3d811f5"
  },
  {
    "name": "Oreo",
    "reason": "Owned by **Mondelez International, Inc.**\n\n**Mondelez International Inc.** on Nov. 10(2020) announced a seed investment in Torr FoodTech, an early stage company based in Israel that has developed proprietary technology Mondelez said “brings real, simple ingredients together to offer multi-textural, sensorial experiences.\"",
    "proof": "https://www.foodbusinessnews.net/articles/17261-mondelez-invests-in-israel-food-tech-startup"
  },
  {
    "name": "Pampers",
    "reason": "Owned by **Procter and Gamble**.\n\n**Procter and Gamble** opened an R&D center in Tel Aviv, Occupied Palestine, in which it invests $2bn annually.",
    "proof": "https://www.forbes.com/sites/ricardogeromel/2012/05/16/procter-and-gamble-israel-startup/?sh=766ad3d811f5"
  },
  {
    "name": "Pantene",
    "reason": "Owned by **Procter and Gamble**.\n\n**Procter and Gamble** opened an R&D center in Tel Aviv, Occupied Palestine, in which it invests $2bn annually.",
    "proof": "https://www.forbes.com/sites/ricardogeromel/2012/05/16/procter-and-gamble-israel-startup/?sh=766ad3d811f5"
  }
]
