[
  {
    "name": "Comedy Central",
    "reason": "Owned by **Paramount Global**.\n\n**Paramount Global** stated, 'We stand with the people of Israel and the global Jewish community.\"",
    "proof": "https://variety.com/2023/film/news/hollywood-studios-israel-palestine-hamas-attacks-1235753540/"
  },
  {
    "name": "Comfort",
    "reason": "Owned by **Unilever**.\n\n**Comfort** and Ben & Jerry's are owned by **Unilever**. When Ben & Jerry's decided to stop selling its products in Israel, **Unilever** sold off the Israeli distribution rights to Avi Zinger to circumvent their decision and to force Ben & Jerry's brand name to continue selling in Israel.",
    "proof": "https://www.unilever.com/news/press-and-media/press-releases/2022/unilever-reaches-new-business-arrangement-for-ben-jerrys-in-israel/"
  },
  {
    "name": "Converse",
    "reason": "**Converse Partnership**\n\n**Converse** has partnered with **Delta Galil Industries**, Ltd. (DELT/Tel Aviv Stock Exchange), the global manufacturer and marketer of branded and private label apparel products for men, women, and children. **Delta Galil Industries** is an **Israeli** textile firm headquartered in **Tel Aviv**, with plants around the world.",
    "proof": "https://deltagalil.com/brands/licensed-brands/default.aspx"
  },
  {
    "name": "Cornetto",
    "reason": "Owned by **Unilever**.\n\n**Cornetto** and Ben & Jerry's are owned by **Unilever**. When Ben & Jerry's decided to stop selling its products in Israel, **Unilever** sold off the Israeli distribution rights to Avi Zinger to circumvent their decision and to force Ben & Jerry's brand name to continue selling in Israel.",
    "proof": "https://www.unilever.com/news/press-and-media/press-releases/2022/unilever-reaches-new-business-arrangement-for-ben-jerrys-in-israel/"
  },
  {
    "name": "Costa Coffee",
    "reason": "Owned by **The Coca-Cola Company**.\n\n**Coca-Cola Israel** owns dairy farms in the illegal Israeli settlements of Shadmot Mechola in the Jordan Valley and a plant in the industrial zone of Katzerin in the occupied Golan Heights.",
    "proof": "http://www.inminds.com/boycott-coca-cola.html"
  },
  {
    "name": "Côte d'Or",
    "reason": "Owned by **Mondelez International, Inc.**\n\n**Mondelez International Inc.** on Nov. 10(2020) announced a seed investment in Torr FoodTech, an early stage company based in Israel that has developed proprietary technology Mondelez said “brings real, simple ingredients together to offer multi-textural, sensorial experiences.\"",
    "proof": "https://www.foodbusinessnews.net/articles/17261-mondelez-invests-in-israel-food-tech-startup"
  },
  {
    "name": "Cracker Jack",
    "reason": "Owned by **PepsiCo**.\n\n**PepsiCo** bought SodaStream for $3.2bn and owns 50% of Sabra both of which had taken advantage of the Israeli occupation of Palestine.",
    "proof": "https://www.bloomberg.com/view/articles/2018-08-22/pepsico-s-sodastream-purchase-is-sweet-news-for-israelis?leadSource=uverify%20wall#xj4y7vzkg"
  },
  {
    "name": "Crest",
    "reason": "Owned by **Procter and Gamble**.\n\n**Procter and Gamble** opened an R&D center in Tel Aviv, Occupied Palestine, in which it invests $2bn annually.",
    "proof": "https://www.forbes.com/sites/ricardogeromel/2012/05/16/procter-and-gamble-israel-startup/?sh=766ad3d811f5"
  },
  {
    "name": "Daim",
    "reason": "Owned by **Mondelez International, Inc.**\n\n**Mondelez International Inc.** on Nov. 10(2020) announced a seed investment in Torr FoodTech, an early stage company based in Israel that has developed proprietary technology Mondelez said “brings real, simple ingredients together to offer multi-textural, sensorial experiences.\"",
    "proof": "https://www.foodbusinessnews.net/articles/17261-mondelez-invests-in-israel-food-tech-startup"
  },
  {
    "name": "Damla Su",
    "reason": "Owned by **The Coca-Cola Company**.\n\n**Coca-Cola Israel** owns dairy farms in the illegal Israeli settlements of Shadmot Mechola in the Jordan Valley and a plant in the industrial zone of Katzerin in the occupied Golan Heights.",
    "proof": "http://www.inminds.com/boycott-coca-cola.html"
  },
  {
    "name": "Danette",
    "reason": "Owned by **Danone**.\n\n**Danone** leads an investment of about NIS 12.5 million in Israel's Wilk, alongside Israeli milk firm Tara.",
    "proof": "https://www.jpost.com/business-and-innovation/banking-and-finance/article-743853"
  },
  {
    "name": "Danone",
    "reason": "**Danone** leads an investment of about NIS 12.5 million in Israel's Wilk, alongside Israeli milk firm Tara.",
    "proof": "https://www.jpost.com/business-and-innovation/banking-and-finance/article-743853"
  },
  {
    "name": "Darphin",
    "reason": "Darphin is owned by **Estée Lauder**\n\n**Ronald Lauder**, who together with his brother Leonard Lauder inherited the Estee Lauder company, is the president of the **World Jewish Congress**, and chairman of the Jewish National Fund, and is a **zionist** with extremist views and financially and politically supports **Israeli** occupation of Palestinian land.",
    "proof": "https://www.jnf.org/menu-3/speakers-bureau/bio-page?id=830973c9-caae-67a8-a4cf-ff000038378d"
  },
  {
    "name": "Dasani",
    "reason": "Owned by **The Coca-Cola Company**.\n\n**Coca-Cola Israel** owns dairy farms in the illegal Israeli settlements of Shadmot Mechola in the Jordan Valley and a plant in the industrial zone of Katzerin in the occupied Golan Heights.",
    "proof": "http://www.inminds.com/boycott-coca-cola.html"
  },
  {
    "name": "Dawn",
    "reason": "Owned by **Procter and Gamble**.\n\n**Procter and Gamble** opened an R&D center in Tel Aviv, Occupied Palestine, in which it invests $2bn annually.",
    "proof": "https://www.forbes.com/sites/ricardogeromel/2012/05/16/procter-and-gamble-israel-startup/?sh=766ad3d811f5"
  },
  {
    "name": "Del Valle",
    "reason": "Owned by **The Coca-Cola Company**.\n\n**Coca-Cola Israel** owns dairy farms in the illegal Israeli settlements of Shadmot Mechola in the Jordan Valley and a plant in the industrial zone of Katzerin in the occupied Golan Heights.",
    "proof": "http://www.inminds.com/boycott-coca-cola.html"
  },
  {
    "name": "Dettol",
    "reason": "Owned by **Reckitt Benckiser**\n\n**Reckitt Benckiser** signs a cooperation agreement with the Israel Innovation Authority.",
    "proof": "https://en.globes.co.il/en/article-reckitt-benckiser-seeks-investments-in-israeli-cos-1001262747"
  },
  {
    "name": "DFS",
    "reason": "**DFS** is owned by **LVMH**.\n\nBernard Arnault, the chairman and **CEO** of **LMVH** Moet Hennessy-Louis Vuitton, and the world’s richest man according to Forbes, has **invested** in cybersecurity firm, **Wiz**, the **Israeli** maker of cloud security solutions for enterprises.",
    "proof": "https://www.timesofisrael.com/luxury-goods-magnate-bernard-arnault-invests-in-israeli-cybersecurity-firm-wiz/"
  },
  {
    "name": "Diesel Fragrances",
    "reason": "**Diesel Fragrances** are owned by **L'Oreal.**\n\n**34.70%** of L’Oreal is owned by Mrs. Francoise Bettencourt Meyers and her family. **20.1%** of L’ Oreal is owned by **Nestle**. Nestle began **investing** in **Israel** in 1995 by buying 10% of Israeli food maker **Osem** Investments, increasing its ownership to 50.1% two years later giving it the controlling share and now owns a 53.8 percent stake in Osem Swiss food giant Nestle will set up a global research and development center for snack foods next year in Sderot, a town in Israel's Negev desert, the Maariv.",
    "proof": "https://www.loreal-finance.com/eng/share-ownership"
  },
  {
    "name": "Diet Coke",
    "reason": "Owned by **The Coca-Cola Company**.\n\n**Coca-Cola Israel** owns dairy farms in the illegal Israeli settlements of Shadmot Mechola in the Jordan Valley and a plant in the industrial zone of Katzerin in the occupied Golan Heights.",
    "proof": "http://www.inminds.com/boycott-coca-cola.html"
  },
  {
    "name": "Di Giorno",
    "reason": "Owned by **Nestlé**.\n\n**Nestlé** is 100% owned by swiss. **Nestlé** began investing in Israel in 1995 by buying 10% of Israeli food maker Osem Investments, increasing its ownership to 50.1% two years later giving it the controlling share and now owns a 53.8 percent stake in Osem Swiss food giant **Nestlé** will set up a global research and development centre for snack foods in Sderot, a town in Israel's Negev desert, the Maariv newspaper reported on Sunday. ",
    "proof": "https://www.just-food.com/news/israel-nestle-to-up-stake-in-osem/?cf-view"
  },
  {
    "name": "Dixan",
    "reason": "Owned by **Henkel**.\n\n**Henkel** invests in Israeli technology namely by investing in Feelit. A company with its roots in Israël.",
    "proof": "https://www.henkel.com/press-and-media/press-releases-and-kits/2021-01-07-henkel-invests-in-technology-start-up-feelit-1141594"
  },
  {
    "name": "Dogadan",
    "reason": "Owned by **The Coca-Cola Company**.\n\n**Coca-Cola Israel** owns dairy farms in the illegal Israeli settlements of Shadmot Mechola in the Jordan Valley and a plant in the industrial zone of Katzerin in the occupied Golan Heights.",
    "proof": "http://www.inminds.com/boycott-coca-cola.html"
  },
  {
    "name": "Dolmio",
    "reason": "Owned by **Mars Inc**.\n\n**Mars** will support Israeli start-ups and the formation of companies, and will work together with leading Israeli academic institutions, such as the Hebrew University, the Weizmann Institute, the Technion, Migall and Tel Hai College, among others, to further Foodtech innovations.",
    "proof": "https://www.foodmanufacturing.com/home/news/13251464/mars-incorporated-partners-with-jerusalem-venture-partners-to-foster-foodtech-solutions-in-israel"
  },
  {
    "name": "Domestos",
    "reason": "Owned by **Unilever**.\n\n**Domestos** and Ben & Jerry's are owned by **Unilever**. When Ben & Jerry's decided to stop selling its products in Israel, **Unilever** sold off the Israeli distribution rights to Avi Zinger to circumvent their decision and to force Ben & Jerry's brand name to continue selling in Israel.",
    "proof": "https://www.unilever.com/news/press-and-media/press-releases/2022/unilever-reaches-new-business-arrangement-for-ben-jerrys-in-israel/"
  },
  {
    "name": "Doublemint",
    "reason": "Owned by **Mars Inc**.\n\n**Mars** will support Israeli start-ups and the formation of companies, and will work together with leading Israeli academic institutions, such as the Hebrew University, the Weizmann Institute, the Technion, Migall and Tel Hai College, among others, to further Foodtech innovations.",
    "proof": "https://www.foodmanufacturing.com/home/news/13251464/mars-incorporated-partners-with-jerusalem-venture-partners-to-foster-foodtech-solutions-in-israel"
  },
  {
    "name": "Dove (Mars)",
    "reason": "Owned by **Mars Inc**.\n\n**Mars** will support Israeli start-ups and the formation of companies, and will work together with leading Israeli academic institutions, such as the Hebrew University, the Weizmann Institute, the Technion, Migall and Tel Hai College, among others, to further Foodtech innovations.",
    "proof": "https://www.foodmanufacturing.com/home/news/13251464/mars-incorporated-partners-with-jerusalem-venture-partners-to-foster-foodtech-solutions-in-israel"
  },
  {
    "name": "Downy",
    "reason": "Owned by **Procter and Gamble**.\n\n**Procter and Gamble** opened an R&D center in Tel Aviv, Occupied Palestine, in which it invests $2bn annually.",
    "proof": "https://www.forbes.com/sites/ricardogeromel/2012/05/16/procter-and-gamble-israel-startup/?sh=766ad3d811f5"
  },
  {
    "name": "Dreamies",
    "reason": "Owned by **Mars Inc**.\n\n**Mars** will support Israeli start-ups and the formation of companies, and will work together with leading Israeli academic institutions, such as the Hebrew University, the Weizmann Institute, the Technion, Migall and Tel Hai College, among others, to further Foodtech innovations.",
    "proof": "https://www.foodmanufacturing.com/home/news/13251464/mars-incorporated-partners-with-jerusalem-venture-partners-to-foster-foodtech-solutions-in-israel"
  },
  {
    "name": "Dr.Jart+",
    "reason": "Dr.Jart+ is owned by **Estée Lauder**.\n\n**Ronald Lauder**, who together with his brother Leonard Lauder inherited the Estee Lauder company, is the president of the **World Jewish Congress**, and chairman of the Jewish National Fund, and is a **zionist** with extremist views and financially and politically supports **Israeli** occupation of Palestinian land.",
    "proof": "https://www.jnf.org/menu-3/speakers-bureau/bio-page?id=830973c9-caae-67a8-a4cf-ff000038378d"
  },
  {
    "name": "Dr. Pepper",
    "reason": "Owned by **The Coca-Cola Company**. (Only in United Kingdom, Japan, and South Korea)\nOwned by **PepsiCo**. (Only in Canada and Oceania)\n\n**Coca-Cola Israel** owns dairy farms in the illegal Israeli settlements of Shadmot Mechola in the Jordan Valley and a plant in the industrial zone of Katzerin in the occupied Golan Heights.\n\n**PepsiCo** bought SodaStream for $3.2bn and owns 50% of Sabra both of which had taken advantage of the Israeli occupation of Palestine.",
    "proof": "http://www.inminds.com/boycott-coca-cola.html"
  },
  {
    "name": "Durex",
    "reason": "Owned by **Reckitt Benckiser**\n\n**Reckitt Benckiser** signs a cooperation agreement with the Israel Innovation Authority.",
    "proof": "https://en.globes.co.il/en/article-reckitt-benckiser-seeks-investments-in-israeli-cos-1001262747"
  },
  {
    "name": "Duyvis",
    "reason": "Owned by **PepsiCo**.\n\n**PepsiCo** bought SodaStream for $3.2bn and owns 50% of Sabra both of which had taken advantage of the Israeli occupation of Palestine.",
    "proof": "https://www.bloomberg.com/view/articles/2018-08-22/pepsico-s-sodastream-purchase-is-sweet-news-for-israelis?leadSource=uverify%20wall#xj4y7vzkg"
  },
  {
    "name": "Ebly",
    "reason": "Owned by **Mars Inc**.\n\n**Mars** will support Israeli start-ups and the formation of companies, and will work together with leading Israeli academic institutions, such as the Hebrew University, the Weizmann Institute, the Technion, Migall and Tel Hai College, among others, to further Foodtech innovations.",
    "proof": "https://www.foodmanufacturing.com/home/news/13251464/mars-incorporated-partners-with-jerusalem-venture-partners-to-foster-foodtech-solutions-in-israel"
  },
  {
    "name": "Eclipse",
    "reason": "Owned by **Mars Inc**.\n\n**Mars** will support Israeli start-ups and the formation of companies, and will work together with leading Israeli academic institutions, such as the Hebrew University, the Weizmann Institute, the Technion, Migall and Tel Hai College, among others, to further Foodtech innovations.",
    "proof": "https://www.foodmanufacturing.com/home/news/13251464/mars-incorporated-partners-with-jerusalem-venture-partners-to-foster-foodtech-solutions-in-israel"
  },
  {
    "name": "Editions de parfums Frederic Malle",
    "reason": "Editions de parfums Frederic Malle is owned by **Estée Lauder**.\n\n**Ronald Lauder**, who together with his brother Leonard Lauder inherited the Estee Lauder company, is the president of the **World Jewish Congress**, and chairman of the Jewish National Fund, and is a **zionist** with extremist views and financially and politically supports **Israeli** occupation of Palestinian land.",
    "proof": "https://www.jnf.org/menu-3/speakers-bureau/bio-page?id=830973c9-caae-67a8-a4cf-ff000038378d"
  },
  {
    "name": "Elementor",
    "reason": "**Elementor** is an Israeli software development company.",
    "proof": "https://en.wikipedia.org/wiki/Elementor#:~:text=Elementor%20Ltd.%20is%20an%20Israeli,drag%2Dand%2Ddrop%20technique."
  },
  {
    "name": "Elevit",
    "reason": "Owned by **Bayer**.\n\nThere is a partnership between **Bayer** and the Israeli Innovation Authority. The Israel Innovation Authority (IIA) is the support arm of the Israeli government, charged with fostering the development of industrial research and development in the State of Israel.",
    "proof": "https://www.bayer.com/en/il/climate-tech-program"
  },
  {
    "name": "Elle",
    "reason": "**Elle Partnership**\n\n**Elle** has partnered with **Delta Galil Industries**, Ltd. (DELT/Tel Aviv Stock Exchange), the global manufacturer and marketer of branded and private label apparel products for men, women, and children. **Delta Galil Industries** is an **Israeli** textile firm headquartered in **Tel Aviv**, with plants around the world.",
    "proof": "https://deltagalil.com/brands/licensed-brands/default.aspx"
  },
  {
    "name": "Elseve",
    "reason": "Owned by **L'Oreal**. \n\n34.70% of **L’Oreal** is owned by Mrs. Francoise Bettencourt Meyers and her family. 20.1% of **L’Oreal** is owned by **Nestle**. **Nestle** began investing in Israel in 1995 by buying 10% of Israeli food maker Osem Investments, increasing its ownership to 50.1% two years later giving it the controlling share and now owns a 53.8 percent stake in Osem Swiss food giant **Nestle** will set up a global research and development center for snack foods next year in Sderot, a town in Israel's Negev desert, the Maariv.",
    "proof": "https://www.loreal-finance.com/eng/share-ownership"
  },
  {
    "name": "Emilio Pucci",
    "reason": "**EMILIO PUCCI** is owned by **LVMH**.\n\nBernard Arnault, the chairman and **CEO** of **LMVH** Moet Hennessy-Louis Vuitton, and the world’s richest man according to Forbes, has **invested** in cybersecurity firm, **Wiz**, the **Israeli** maker of cloud security solutions for enterprises.",
    "proof": "https://www.timesofisrael.com/luxury-goods-magnate-bernard-arnault-invests-in-israeli-cybersecurity-firm-wiz/"
  },
  {
    "name": "Era",
    "reason": "Owned by **Procter and Gamble**.\n\n**Procter and Gamble** opened an R&D center in Tel Aviv, Occupied Palestine, in which it invests $2bn annually.",
    "proof": "https://www.forbes.com/sites/ricardogeromel/2012/05/16/procter-and-gamble-israel-startup/?sh=766ad3d811f5"
  },
  {
    "name": "Erikli ",
    "reason": "Owned by **Nestlé**.\n\n**Nestlé** is 100% owned by swiss. **Nestlé** began investing in Israel in 1995 by buying 10% of Israeli food maker Osem Investments, increasing its ownership to 50.1% two years later giving it the controlling share and now owns a 53.8 percent stake in Osem Swiss food giant **Nestlé** will set up a global research and development centre for snack foods in Sderot, a town in Israel's Negev desert, the Maariv newspaper reported on Sunday. ",
    "proof": "https://www.just-food.com/news/israel-nestle-to-up-stake-in-osem/?cf-view"
  },
  {
    "name": "Essie",
    "reason": "**Essie** is owned By **L' Oreal**.\n\n**34.70%** of L’Oreal is owned by Mrs. Francoise **Bettencourt** Meyers and her family. **20.1%** of L’ Oreal is owned by **Nestle**. Nestle began investing in Israel in 1995 by buying 10% of Israeli food maker **Osem** Investments, increasing its ownership to 50.1% two years later giving it the controlling share and now owns a **53.8 percent stake** in Osem Swiss food giant Nestle will set up a global research and development center for snack foods next year in Sderot, a town in Israel's Negev desert, the Maariv.",
    "proof": "https://www.loreal-finance.com/eng/share-ownership"
  },
  {
    "name": "Estée Lauder",
    "reason": "**Ronald Lauder**, who together with his brother Leonard Lauder inherited the Estee Lauder company, is the president of the **World Jewish Congress**, and chairman of the Jewish National Fund, and is a **zionist** with extremist views and financially and politically supports **Israeli** occupation of Palestinian land.",
    "proof": "https://www.jnf.org/menu-3/speakers-bureau/bio-page?id=830973c9-caae-67a8-a4cf-ff000038378d"
  },
  {
    "name": "Ethel M",
    "reason": "Owned by **Mars Inc**.\n\n**Mars** will support Israeli start-ups and the formation of companies, and will work together with leading Israeli academic institutions, such as the Hebrew University, the Weizmann Institute, the Technion, Migall and Tel Hai College, among others, to further Foodtech innovations.",
    "proof": "https://www.foodmanufacturing.com/home/news/13251464/mars-incorporated-partners-with-jerusalem-venture-partners-to-foster-foodtech-solutions-in-israel"
  },
  {
    "name": "eToro",
    "reason": "Yoni Assia is the CEO of **eToro** and is a staunch zionist who supports the IDF.",
    "proof": "https://twitter.com/yoniassia"
  },
  {
    "name": "Evian",
    "reason": "Owned by **Danone**.\n\n**Danone** leads an investment of about NIS 12.5 million in Israel's Wilk, alongside Israeli milk firm Tara.",
    "proof": "https://www.jpost.com/business-and-innovation/banking-and-finance/article-743853"
  },
  {
    "name": "Evolve",
    "reason": "Owned by **PepsiCo**.\n\n**PepsiCo** bought SodaStream for $3.2bn and owns 50% of Sabra both of which had taken advantage of the Israeli occupation of Palestine.\n",
    "proof": "https://www.bloomberg.com/view/articles/2018-08-22/pepsico-s-sodastream-purchase-is-sweet-news-for-israelis?leadSource=uverify%20wall#xj4y7vzkg"
  },
  {
    "name": "Fa",
    "reason": "Owned by **Henkel**.\n\n**Henkel** invests in Israeli technology namely by investing in Feelit. A company with its roots in Israël.",
    "proof": "https://www.henkel.com/press-and-media/press-releases-and-kits/2021-01-07-henkel-invests-in-technology-start-up-feelit-1141594"
  }
]
