[
  {
    "name": "Nesquick",
    "reason": "Owned by **Nestlé**.\n\n**Nestlé** is 100% owned by swiss. **Nestlé** began investing in Israel in 1995 by buying 10% of Israeli food maker Osem Investments, increasing its ownership to 50.1% two years later giving it the controlling share and now owns a 53.8 percent stake in Osem Swiss food giant **Nestlé** will set up a global research and development centre for snack foods in Sderot, a town in Israel's Negev desert, the Maariv newspaper reported on Sunday. ",
    "proof": "https://www.just-food.com/news/israel-nestle-to-up-stake-in-osem/?cf-view"
  },
  {
    "name": "Nestea",
    "reason": "Owned by **Nestlé**.\n\n**Nestlé** is 100% owned by swiss. **Nestlé** began investing in Israel in 1995 by buying 10% of Israeli food maker Osem Investments, increasing its ownership to 50.1% two years later giving it the controlling share and now owns a 53.8 percent stake in Osem Swiss food giant **Nestlé** will set up a global research and development centre for snack foods in Sderot, a town in Israel's Negev desert, the Maariv newspaper reported on Sunday. ",
    "proof": "https://www.just-food.com/news/israel-nestle-to-up-stake-in-osem/?cf-view"
  },
  {
    "name": "Nestlé",
    "reason": "**Nestlé** is 100% owned by swiss. **Nestlé** began investing in Israel in 1995 by buying 10% of Israeli food maker Osem Investments, increasing its ownership to 50.1% two years later giving it the controlling share and now owns a 53.8 percent stake in Osem Swiss food giant **Nestlé** will set up a global research and development centre for snack foods in Sderot, a town in Israel's Negev desert, the Maariv newspaper reported on Sunday. ",
    "proof": "https://www.just-food.com/news/israel-nestle-to-up-stake-in-osem/?cf-view"
  },
  {
    "name": "Network 10",
    "reason": "Owned by **Paramount Global**.\n\n**Paramount Global** stated, 'We stand with the people of Israel and the global Jewish community.\"",
    "proof": "https://variety.com/2023/film/news/hollywood-studios-israel-palestine-hamas-attacks-1235753540/"
  },
  {
    "name": "Nickelodeon",
    "reason": "Owned by **Paramount Global**.\n\n**Paramount Global** stated, 'We stand with the people of Israel and the global Jewish community.\"",
    "proof": "https://variety.com/2023/film/news/hollywood-studios-israel-palestine-hamas-attacks-1235753540/"
  },
  {
    "name": "Nido",
    "reason": "Owned by **Nestlé**.\n\n**Nestlé** is 100% owned by swiss. **Nestlé** began investing in Israel in 1995 by buying 10% of Israeli food maker Osem Investments, increasing its ownership to 50.1% two years later giving it the controlling share and now owns a 53.8 percent stake in Osem Swiss food giant **Nestlé** will set up a global research and development centre for snack foods in Sderot, a town in Israel's Negev desert, the Maariv newspaper reported on Sunday. ",
    "proof": "https://www.just-food.com/news/israel-nestle-to-up-stake-in-osem/?cf-view"
  },
  {
    "name": "Niely",
    "reason": "**Niely** is owned By **L' Oreal**.\n\n**34.70%** of L’Oreal is owned by Mrs. Francoise **Bettencourt** Meyers and her family. **20.1%** of L’ Oreal is owned by **Nestle**. Nestle began investing in Israel in 1995 by buying 10% of Israeli food maker **Osem** Investments, increasing its ownership to 50.1% two years later giving it the controlling share and now owns a **53.8 percent stake** in Osem Swiss food giant Nestle will set up a global research and development center for snack foods next year in Sderot, a town in Israel's Negev desert, the Maariv.",
    "proof": "https://www.loreal-finance.com/eng/share-ownership"
  },
  {
    "name": "Ninjamas",
    "reason": "Owned by **Procter and Gamble**.\n\n**Procter and Gamble** opened an R&D center in Tel Aviv, Occupied Palestine, in which it invests $2bn annually.",
    "proof": "https://www.forbes.com/sites/ricardogeromel/2012/05/16/procter-and-gamble-israel-startup/?sh=766ad3d811f5"
  },
  {
    "name": "Niod",
    "reason": "Niod is owned by **Estée Lauder**.\n\n**Ronald Lauder**, who together with his brother Leonard Lauder inherited the Estee Lauder company, is the president of the **World Jewish Congress**, and chairman of the Jewish National Fund, and is a **zionist** with extremist views and financially and politically supports **Israeli** occupation of Palestinian land.",
    "proof": "https://www.jnf.org/menu-3/speakers-bureau/bio-page?id=830973c9-caae-67a8-a4cf-ff000038378d"
  },
  {
    "name": "Nom Nom",
    "reason": "Owned by **Mars Inc**.\n\n**Mars** will support Israeli start-ups and the formation of companies, and will work together with leading Israeli academic institutions, such as the Hebrew University, the Weizmann Institute, the Technion, Migall and Tel Hai College, among others, to further Foodtech innovations.",
    "proof": "https://www.foodmanufacturing.com/home/news/13251464/mars-incorporated-partners-with-jerusalem-venture-partners-to-foster-foodtech-solutions-in-israel"
  },
  {
    "name": "Nurofen",
    "reason": "Owned by **Reckitt Benckiser**\n\n**Reckitt Benckiser** signs a cooperation agreement with the Israel Innovation Authority.",
    "proof": "https://en.globes.co.il/en/article-reckitt-benckiser-seeks-investments-in-israeli-cos-1001262747"
  },
  {
    "name": "Nut Harvest",
    "reason": "Owned by **PepsiCo**.\n\n**PepsiCo** bought SodaStream for $3.2bn and owns 50% of Sabra both of which had taken advantage of the Israeli occupation of Palestine.",
    "proof": " https://www.bloomberg.com/view/articles/2018-08-22/pepsico-s-sodastream-purchase-is-sweet-news-for-israelis?leadSource=uverify%20wall#xj4y7vzkg"
  },
  {
    "name": "Nutro",
    "reason": "Owned by **Mars Inc**.\n\n**Mars** will support Israeli start-ups and the formation of companies, and will work together with leading Israeli academic institutions, such as the Hebrew University, the Weizmann Institute, the Technion, Migall and Tel Hai College, among others, to further Foodtech innovations.",
    "proof": "https://www.foodmanufacturing.com/home/news/13251464/mars-incorporated-partners-with-jerusalem-venture-partners-to-foster-foodtech-solutions-in-israel"
  },
  {
    "name": "Nyx",
    "reason": "**Nyx** is owned By **L' Oreal**.\n\n**34.70%** of L’Oreal is owned by Mrs. Francoise **Bettencourt** Meyers and her family. **20.1%** of L’ Oreal is owned by **Nestle**. Nestle began investing in Israel in 1995 by buying 10% of Israeli food maker **Osem** Investments, increasing its ownership to 50.1% two years later giving it the controlling share and now owns a **53.8 percent stake** in Osem Swiss food giant Nestle will set up a global research and development center for snack foods next year in Sderot, a town in Israel's Negev desert, the Maariv.",
    "proof": "https://www.loreal-finance.com/eng/share-ownership"
  },
  {
    "name": "Ocean Spray",
    "reason": "Owned by **PepsiCo**.\n\n**PepsiCo** bought SodaStream for $3.2bn and owns 50% of Sabra both of which had taken advantage of the Israeli occupation of Palestine.",
    "proof": "https://www.bloomberg.com/view/articles/2018-08-22/pepsico-s-sodastream-purchase-is-sweet-news-for-israelis?leadSource=uverify%20wall#xj4y7vzkg"
  },
  {
    "name": "Officine Universelle Buly",
    "reason": "**Officine Universelle Buly** is owned by **LVMH**.\n\nBernard Arnault, the chairman and **CEO** of **LMVH** Moet Hennessy-Louis Vuitton, and the world’s richest man according to Forbes, has **invested** in cybersecurity firm, **Wiz**, the **Israeli** maker of cloud security solutions for enterprises.",
    "proof": "https://www.timesofisrael.com/luxury-goods-magnate-bernard-arnault-invests-in-israeli-cybersecurity-firm-wiz/"
  },
  {
    "name": "Off The Eaten Path",
    "reason": "Owned by **PepsiCo**.\n\n**PepsiCo** bought SodaStream for $3.2bn and owns 50% of Sabra both of which had taken advantage of the Israeli occupation of Palestine.",
    "proof": "https://www.bloomberg.com/view/articles/2018-08-22/pepsico-s-sodastream-purchase-is-sweet-news-for-israelis?leadSource=uverify%20wall#xj4y7vzkg"
  },
  {
    "name": "OGX Beauty",
    "reason": "Owned by **Johnson & Johnson**.\n\n**Johnson & Johnson** owns companies in Israel, engaging in various sectors including healthcare, pharmaceuticals, and medical devices, furthering its global presence in these critical industries.",
    "proof": "https://ourstory.jnj.com/johnson-johnson-consumer-inc-acquires-vogue-international-llc#:~:text=Johnson%20%26%20Johnson%20Archives-,Johnson%20%26%20Johnson%20Consumer%20Inc.,hair%20and%20personal%20care%20products"
  },
  {
    "name": "Oîkos",
    "reason": "Owned by **Danone**.\n\n**Danone** leads an investment of about NIS 12.5 million in Israel's Wilk, alongside Israeli milk firm Tara.",
    "proof": "https://www.jpost.com/business-and-innovation/banking-and-finance/article-743853"
  },
  {
    "name": "Olay",
    "reason": "Owned by **Procter and Gamble**.\n\n**Procter and Gamble** opened an R&D center in Tel Aviv, Occupied Palestine, in which it invests $2bn annually.",
    "proof": "https://www.forbes.com/sites/ricardogeromel/2012/05/16/procter-and-gamble-israel-startup/?sh=766ad3d811f5"
  },
  {
    "name": "Old Spice",
    "reason": "Owned by **Procter and Gamble**.\n\n**Procter and Gamble** opened an R&D center in Tel Aviv, Occupied Palestine, in which it invests $2bn annually.",
    "proof": "https://www.forbes.com/sites/ricardogeromel/2012/05/16/procter-and-gamble-israel-startup/?sh=766ad3d811f5"
  },
  {
    "name": "Olehenriksen",
    "reason": "**Olehenriksen** is owned by **LVMH**.\n\nBernard Arnault, the chairman and **CEO** of **LMVH** Moet Hennessy-Louis Vuitton, and the world’s richest man according to Forbes, has **invested** in cybersecurity firm, **Wiz**, the **Israeli** maker of cloud security solutions for enterprises.",
    "proof": "https://www.timesofisrael.com/luxury-goods-magnate-bernard-arnault-invests-in-israeli-cybersecurity-firm-wiz/"
  },
  {
    "name": "Omo",
    "reason": "Owned by **Unilever**.\n\n**Omo** and Ben & Jerry's are owned by **Unilever**. When Ben & Jerry's decided to stop selling its products in Israel, **Unilever** sold off the Israeli distribution rights to Avi Zinger to circumvent their decision and to force Ben & Jerry's brand name to continue selling in Israel.",
    "proof": "https://www.unilever.com/news/press-and-media/press-releases/2022/unilever-reaches-new-business-arrangement-for-ben-jerrys-in-israel/"
  },
  {
    "name": "Opentable",
    "reason": "Sister company of **Booking.com**.\n\n**Booking.com** allows listings in occupied Palestinian territory, and after announcing it will remove 200 of such listings, it reversed its decision, showing it is knowingly complicit in Israels occupation.",
    "proof": "https://www.aljazeera.com/news/2022/10/5/is-booking-com-reversal-palestine-corporate-hypocrisy"
  },
  {
    "name": "Oracle",
    "reason": "**Oracle** donated money to israeli employees after the war started, with an additional 10,000 israeli shekels for employees who serve in the IDF.",
    "proof": "https://www.calcalistech.com/ctechnews/article/bj8f1tfbt"
  },
  {
    "name": "Orbit",
    "reason": "Owned by **Mars Inc**.\n\n**Mars** will support Israeli start-ups and the formation of companies, and will work together with leading Israeli academic institutions, such as the Hebrew University, the Weizmann Institute, the Technion, Migall and Tel Hai College, among others, to further Foodtech innovations.",
    "proof": "https://www.foodmanufacturing.com/home/news/13251464/mars-incorporated-partners-with-jerusalem-venture-partners-to-foster-foodtech-solutions-in-israel"
  },
  {
    "name": "Original Penguin",
    "reason": "**Original Penguin Partnership**\n\n**Original Penguin** has partnered with **Delta Galil Industries**, Ltd. (DELT/Tel Aviv Stock Exchange), the global manufacturer and marketer of branded and private label apparel products for men, women, and children. **Delta Galil Industries** is an **Israeli** textile firm headquartered in **Tel Aviv**, with plants around the world.",
    "proof": "https://deltagalil.com/brands/licensed-brands/default.aspx"
  },
  {
    "name": "Origins",
    "reason": "Origins is owned by **Estée Lauder**.\n\n**Ronald Lauder**, who together with his brother Leonard Lauder inherited the Estee Lauder company, is the president of the **World Jewish Congress**, and chairman of the Jewish National Fund, and is a **zionist** with extremist views and financially and politically supports **Israeli** occupation of Palestinian land.",
    "proof": "https://www.jnf.org/menu-3/speakers-bureau/bio-page?id=830973c9-caae-67a8-a4cf-ff000038378d"
  },
  {
    "name": "Orkid",
    "reason": "Owned by **Procter and Gamble**.\n\n**Procter and Gamble** opened an R&D center in Tel Aviv, Occupied Palestine, in which it invests $2bn annually.",
    "proof": "https://www.forbes.com/sites/ricardogeromel/2012/05/16/procter-and-gamble-israel-startup/?sh=766ad3d811f5"
  },
  {
    "name": "Outbrain",
    "reason": "**Outbrain**'s CEO, Yaron Galai, is a staunch zionist who supports IDF action against innocent Palestinians.",
    "proof": "https://twitter.com/yarongalai"
  },
  {
    "name": "Pamesello",
    "reason": "Owned by **Mars Inc**.\n\n**Mars** will support Israeli start-ups and the formation of companies, and will work together with leading Israeli academic institutions, such as the Hebrew University, the Weizmann Institute, the Technion, Migall and Tel Hai College, among others, to further Foodtech innovations.",
    "proof": "https://www.foodmanufacturing.com/home/news/13251464/mars-incorporated-partners-with-jerusalem-venture-partners-to-foster-foodtech-solutions-in-israel"
  },
  {
    "name": "Paramount+",
    "reason": "Owned by **Paramount Global**.\n\n**Paramount Global** stated, 'We stand with the people of Israel and the global Jewish community.\"",
    "proof": "https://variety.com/2023/film/news/hollywood-studios-israel-palestine-hamas-attacks-1235753540/"
  },
  {
    "name": "Paramount Global",
    "reason": "**Paramount Global** stated, 'We stand with the people of Israel and the global Jewish community.\"",
    "proof": "https://variety.com/2023/film/news/hollywood-studios-israel-palestine-hamas-attacks-1235753540/"
  },
  {
    "name": "Paramount Network",
    "reason": "Owned by **Paramount Global**.\n\n**Paramount Global** stated, 'We stand with the people of Israel and the global Jewish community.\"",
    "proof": "https://variety.com/2023/film/news/hollywood-studios-israel-palestine-hamas-attacks-1235753540/"
  },
  {
    "name": "Paramount Pictures",
    "reason": "\"We unequivocally stand in solidarity with Israel in the global fight against terrorism,” says a joint letter that was signed by 15 industry executives, including the CEO of **Paramount Pictures**.",
    "proof": "https://variety.com/2023/film/news/hollywood-studios-israel-palestine-hamas-attacks-1235753540/"
  },
  {
    "name": "Paramount Television",
    "reason": "Owned by **Paramount Global**.\n\n**Paramount Global** stated, 'We stand with the people of Israel and the global Jewish community.\"",
    "proof": "https://variety.com/2023/film/news/hollywood-studios-israel-palestine-hamas-attacks-1235753540/"
  },
  {
    "name": "Pasta Roni",
    "reason": "Owned by **PepsiCo**.\n\n**PepsiCo** bought SodaStream for $3.2bn and owns 50% of Sabra both of which had taken advantage of the Israeli occupation of Palestine.",
    "proof": "https://www.bloomberg.com/view/articles/2018-08-22/pepsico-s-sodastream-purchase-is-sweet-news-for-israelis?leadSource=uverify%20wall#xj4y7vzkg"
  },
  {
    "name": "Patou",
    "reason": "**PATOU** is owned by **LVMH**.\n\nBernard Arnault, the chairman and **CEO** of **LMVH** Moet Hennessy-Louis Vuitton, and the world’s richest man according to Forbes, has **invested** in cybersecurity firm, **Wiz**, the **Israeli** maker of cloud security solutions for enterprises.",
    "proof": "https://www.timesofisrael.com/luxury-goods-magnate-bernard-arnault-invests-in-israeli-cybersecurity-firm-wiz/"
  },
  {
    "name": "Pattex",
    "reason": "Owned by **Henkel**.\n\n**Henkel** invests in Israeli technology namely by investing in Feelit. A company with its roots in Israël.",
    "proof": "https://www.henkel.com/press-and-media/press-releases-and-kits/2021-01-07-henkel-invests-in-technology-start-up-feelit-1141594"
  },
  {
    "name": "Payoneer",
    "reason": "**Payoneer** leads huge funding in Israeli startups.",
    "proof": "https://www.israel21c.org/payoneers-180m-leads-huge-funding-in-israeli-startups/"
  },
  {
    "name": "Peace Tea",
    "reason": "Owned by **The Coca-Cola Company**.\n\n**Coca-Cola Israel** owns dairy farms in the illegal Israeli settlements of Shadmot Mechola in the Jordan Valley and a plant in the industrial zone of Katzerin in the occupied Golan Heights.",
    "proof": "http://www.inminds.com/boycott-coca-cola.html"
  },
  {
    "name": "Pearl Milling Company",
    "reason": "Owned by **PepsiCo**.\n\n**PepsiCo** bought SodaStream for $3.2bn and owns 50% of Sabra both of which had taken advantage of the Israeli occupation of Palestine.",
    "proof": "https://www.bloomberg.com/view/articles/2018-08-22/pepsico-s-sodastream-purchase-is-sweet-news-for-israelis?leadSource=uverify%20wall#xj4y7vzkg"
  },
  {
    "name": "PepsiCo",
    "reason": "**PepsiCo** bought SodaStream for $3.2bn and owns 50% of Sabra both of which had taken advantage of the Israeli occupation of Palestine.",
    "proof": "https://www.bloomberg.com/view/articles/2018-08-22/pepsico-s-sodastream-purchase-is-sweet-news-for-israelis?leadSource=uverify%20wall#xj4y7vzkg"
  },
  {
    "name": "Pepto Bismol",
    "reason": "Owned by **Procter and Gamble**.\n\n**Procter and Gamble** opened an R&D center in Tel Aviv, Occupied Palestine, in which it invests $2bn annually.",
    "proof": "https://www.forbes.com/sites/ricardogeromel/2012/05/16/procter-and-gamble-israel-startup/?sh=766ad3d811f5"
  },
  {
    "name": "Perfax",
    "reason": "Owned by **Henkel**.\n\n**Henkel** invests in Israeli technology namely by investing in Feelit. A company with its roots in Israël.",
    "proof": "https://www.henkel.com/press-and-media/press-releases-and-kits/2021-01-07-henkel-invests-in-technology-start-up-feelit-1141594"
  },
  {
    "name": "Perfect Snacks",
    "reason": "Owned by **Mondelez International, Inc.**\n\n**Mondelez International Inc.** on Nov. 10(2020) announced a seed investment in Torr FoodTech, an early stage company based in Israel that has developed proprietary technology Mondelez said “brings real, simple ingredients together to offer multi-textural, sensorial experiences.\"",
    "proof": "https://www.foodbusinessnews.net/articles/17261-mondelez-invests-in-israel-food-tech-startup"
  },
  {
    "name": "Perrier",
    "reason": "Owned by **Nestlé**.\n\n**Nestlé** is 100% owned by swiss. **Nestlé** began investing in Israel in 1995 by buying 10% of Israeli food maker Osem Investments, increasing its ownership to 50.1% two years later giving it the controlling share and now owns a 53.8 percent stake in Osem Swiss food giant **Nestlé** will set up a global research and development centre for snack foods in Sderot, a town in Israel's Negev desert, the Maariv newspaper reported on Sunday. ",
    "proof": "https://www.just-food.com/news/israel-nestle-to-up-stake-in-osem/?cf-view"
  },
  {
    "name": "Persil",
    "reason": "Owned by **Henkel**.\n\n**Henkel** invests in Israeli technology namely by investing in Feelit. A company with its roots in Israël.",
    "proof": "https://www.henkel.com/press-and-media/press-releases-and-kits/2021-01-07-henkel-invests-in-technology-start-up-feelit-1141594"
  },
  {
    "name": "Philadelphia",
    "reason": "Owned by **Mondelez International, Inc.**\n\n**Mondelez International Inc.** on Nov. 10(2020) announced a seed investment in Torr FoodTech, an early stage company based in Israel that has developed proprietary technology Mondelez said “brings real, simple ingredients together to offer multi-textural, sensorial experiences.\"",
    "proof": "https://www.foodbusinessnews.net/articles/17261-mondelez-invests-in-israel-food-tech-startup"
  },
  {
    "name": "Pluto TV",
    "reason": "Owned by **Paramount Global**.\n\n**Paramount Global** stated, 'We stand with the people of Israel and the global Jewish community.\"",
    "proof": "https://variety.com/2023/film/news/hollywood-studios-israel-palestine-hamas-attacks-1235753540/"
  }
]
