[
  {
    "name": "Paypal",
    "reason": "The world’s biggest online payment platform, **PayPal**, won’t serve Palestinians living in Israeli-occupied West Bank and the Gaza Strip. ",
    "proof": "https://actions.eko.org/a/paypal-stop-discriminating-against-palestinians#:~:text=The%20world"
  },
  {
    "name": "Pepsi",
    "reason": "Owned by **PepsiCo**.\n\n**PepsiCo** bought SodaStream for $3.2bn and owns 50% of Sabra both of which had taken advantage of the Israeli occupation of Palestine.",
    "proof": "https://www.bloomberg.com/view/articles/2018-08-22/pepsico-s-sodastream-purchase-is-sweet-news-for-israelis?leadSource=uverify%20wall#xj4y7vzkg"
  },
  {
    "name": "Pizza Hut",
    "reason": "Owned by **Yum! Brands**.\n\n**Yum! Brands** is an investor in Israeli start ups.",
    "proof": "https://www.calcalistech.com/ctech/articles/0,7340,L-3901254,00.html"
  },
  {
    "name": "Popeyes",
    "reason": "Sister company of **Burger King**.\n\n**Burger King** Israel supports IDF by providing free food and drinks to Israeli militants.",
    "proof": "https://www.instagram.com/p/CyORRWHIqeH/?img_index=1"
  },
  {
    "name": "Siemens",
    "reason": "**Siemens**, with a notable presence in Israel, engages in various sectors such as technology, engineering, and energy. The company recently withdrew from the Web Summit, Europe's biggest technology conference, following critical remarks by the event's leader about Western support for Israel. This move underscores **Siemens**' commitment to its operations and interests in Israel.",
    "proof": "https://fortune.com/2023/10/19/intel-siemens-web-summit-withdrew-israel-hamas-attack/"
  },
  {
    "name": "Snickers",
    "reason": "Owned by **Mars Inc**.\n\n**Mars** will support Israeli start-ups and the formation of companies, and will work together with leading Israeli academic institutions, such as the Hebrew University, the Weizmann Institute, the Technion, Migall and Tel Hai College, among others, to further Foodtech innovations.",
    "proof": "https://www.chicagojewishnews.com/is-the-mars-family-jewish/"
  },
  {
    "name": "Sprite",
    "reason": "Owned by **The Coca-Cola Company**.\n\n**Coca-Cola Israel** owns dairy farms in the illegal Israeli settlements of Shadmot Mechola in the Jordan Valley and a plant in the industrial zone of Katzerin in the occupied Golan Heights.",
    "proof": "http://www.inminds.com/boycott-coca-cola.html"
  },
  {
    "name": "Starbucks",
    "reason": "Howard Shultz is the largest private owner of **Starbucks** shares and is a staunch zionist who invests heavily in Israel's economy including a recent $1.7 Billion investment in cybersecurity startup Wiz.",
    "proof": "https://fortune.com/2021/04/07/wiz-howard-schultz-investment-fundraising-cybersecurity-startups-starbucks-ceo/"
  },
  {
    "name": "Taco Bell",
    "reason": "Owned by **Yum! Brands**.\n\n**Yum! Brands** is an investor in Israeli start ups.",
    "proof": "https://www.calcalistech.com/ctech/articles/0,7340,L-3901254,00.html"
  },
  {
    "name": "Walmart",
    "reason": "**Walmart Foundation**, the philanthropy arm of the U.S. retailer, has pledged **$1 million** to an Israeli disaster relief and emergency medical service organization.",
    "proof": "https://www.reuters.com/world/walmart-pledges-1-million-aid-israel-victims-2023-11-01/"
  },
  {
    "name": "Walt Disney",
    "reason": "**The Walt Disney Company** Donates To Support Humanitarian Relief Following Terrorist Attacks In Israel.",
    "proof": "https://thewaltdisneycompany.com/the-walt-disney-company-donates-to-support-humanitarian-relief-following-terrorist-attacks-in-israel-2/"
  },
  {
    "name": "Waze",
    "reason": "Founder, Uri Levine, is a staunch zionist who is also ex-IDF (also founded moovit).",
    "proof": "https://twitter.com/UriLevine1"
  },
  {
    "name": "Zara",
    "reason": "Joey Schwebel, chairman of **Israel's Zara franchise**, hosted **anti-Palestinian** MK Itamar **Ben Gvir**(Palestinian-hating politician) for a campaign event a week prior to upcoming elections.",
    "proof": "https://web.archive.org/web/20231125112450/https://new.thecradle.co/articles/palestinians-boycott-zara-for-hosting-israeli-extremist"
  },
  {
    "name": "24S",
    "reason": "**24S** is owned by **LVMH**.\n\nBernard Arnault, the chairman and **CEO** of **LMVH** Moet Hennessy-Louis Vuitton, and the world’s richest man according to Forbes, has **invested** in cybersecurity firm, **Wiz**, the **Israeli** maker of cloud security solutions for enterprises.",
    "proof": "https://www.timesofisrael.com/luxury-goods-magnate-bernard-arnault-invests-in-israeli-cybersecurity-firm-wiz/"
  },
  {
    "name": "3Musketeers",
    "reason": "Owned by **Mars Inc**.\n\n**Mars** will support Israeli start-ups and the formation of companies, and will work together with leading Israeli academic institutions, such as the Hebrew University, the Weizmann Institute, the Technion, Migall and Tel Hai College, among others, to further Foodtech innovations.",
    "proof": "https://www.foodmanufacturing.com/home/news/13251464/mars-incorporated-partners-with-jerusalem-venture-partners-to-foster-foodtech-solutions-in-israel"
  },
  {
    "name": "5 Gum",
    "reason": "Owned by **Mars Inc**.\n\n**Mars** will support Israeli start-ups and the formation of companies, and will work together with leading Israeli academic institutions, such as the Hebrew University, the Weizmann Institute, the Technion, Migall and Tel Hai College, among others, to further Foodtech innovations.",
    "proof": "https://www.foodmanufacturing.com/home/news/13251464/mars-incorporated-partners-with-jerusalem-venture-partners-to-foster-foodtech-solutions-in-israel"
  },
  {
    "name": "5 Star",
    "reason": "Owned by **Mondelez International, Inc.**\n\n**Mondelez International Inc.** on Nov. 10(2020) announced a seed investment in Torr FoodTech, an early stage company based in Israel that has developed proprietary technology Mondelez said “brings real, simple ingredients together to offer multi-textural, sensorial experiences.\"",
    "proof": "https://www.foodbusinessnews.net/articles/17261-mondelez-invests-in-israel-food-tech-startup"
  },
  {
    "name": "7Days",
    "reason": "Owned by **Mondelez International, Inc.**\n\n**Mondelez International Inc.** on Nov. 10(2020) announced a seed investment in Torr FoodTech, an early stage company based in Israel that has developed proprietary technology Mondelez said “brings real, simple ingredients together to offer multi-textural, sensorial experiences.\"",
    "proof": "https://www.foodbusinessnews.net/articles/17261-mondelez-invests-in-israel-food-tech-startup"
  },
  {
    "name": "7up",
    "reason": "Owned by **PepsiCo**.\n\n**PepsiCo** bought SodaStream for $3.2bn and owns 50% of Sabra both of which had taken advantage of the Israeli occupation of Palestine.",
    "proof": "https://www.bloomberg.com/view/articles/2018-08-22/pepsico-s-sodastream-purchase-is-sweet-news-for-israelis?leadSource=uverify%20wall#xj4y7vzkg"
  },
  {
    "name": "Abu Siouf",
    "reason": "Owned by **Mars Inc**.\n\n**Mars** will support Israeli start-ups and the formation of companies, and will work together with leading Israeli academic institutions, such as the Hebrew University, the Weizmann Institute, the Technion, Migall and Tel Hai College, among others, to further Foodtech innovations.",
    "proof": "https://www.foodmanufacturing.com/home/news/13251464/mars-incorporated-partners-with-jerusalem-venture-partners-to-foster-foodtech-solutions-in-israel"
  },
  {
    "name": "ABZ Pharma",
    "reason": "**Owned by **Teva**, an American-Israeli Pharmaceutical Company**\n\n**Teva** Pharmaceutical Industries Ltd is an American-**Israeli** pharmaceutical company and has become one of the biggest pharmaceutical companies in the world. Teva **stands** with **Israel** and provides all kind of **medical**, **pharmaceutical** and **humanitarian** aid to the zionist.\n\nNote:\n\nHospitals in Gaza are facing a shortage of medical supplies. Humanitarian aid is based on the principles of humanity, impartiality, neutrality, and independence. The principle of humanity entails taking initiatives to alleviate human suffering, regardless of where it occurs, with particular attention to the most vulnerable. The dignity of all victims must be respected and protected. The principle of impartiality means that humanitarian aid can only be provided based on need, without discrimination between or within affected ethnic groups.\n\n",
    "proof": "https://www.tevapharm.com/news-and-media/latest-news/standing-with-israel-teva-statement-regarding-the-attacks-on-israeli-civilians/"
  },
  {
    "name": "Acana",
    "reason": "Owned by **Mars Inc**.\n\n**Mars** will support Israeli start-ups and the formation of companies, and will work together with leading Israeli academic institutions, such as the Hebrew University, the Weizmann Institute, the Technion, Migall and Tel Hai College, among others, to further Foodtech innovations.",
    "proof": "https://www.foodmanufacturing.com/home/news/13251464/mars-incorporated-partners-with-jerusalem-venture-partners-to-foster-foodtech-solutions-in-israel"
  },
  {
    "name": "Acqua Di Parma",
    "reason": "**Acqua Di Parma** is owned by **LVMH**.\n\nBernard Arnault, the chairman and **CEO** of **LMVH** Moet Hennessy-Louis Vuitton, and the world’s richest man according to Forbes, has **invested** in cybersecurity firm, **Wiz**, the **Israeli** maker of cloud security solutions for enterprises.",
    "proof": "https://www.timesofisrael.com/luxury-goods-magnate-bernard-arnault-invests-in-israeli-cybersecurity-firm-wiz/"
  },
  {
    "name": "Acqua Panna",
    "reason": "Owned by **Nestlé**.\n\n**Nestlé** is 100% owned by swiss. **Nestlé** began investing in Israel in 1995 by buying 10% of Israeli food maker Osem Investments, increasing its ownership to 50.1% two years later giving it the controlling share and now owns a 53.8 percent stake in Osem Swiss food giant **Nestlé** will set up a global research and development centre for snack foods in Sderot, a town in Israel's Negev desert, the Maariv newspaper reported on Sunday. ",
    "proof": "https://www.just-food.com/news/israel-nestle-to-up-stake-in-osem/?cf-view"
  },
  {
    "name": "Actimel",
    "reason": "Owned by **Danone**.\n\n**Danone** leads an investment of about NIS 12.5 million in Israel's Wilk, alongside Israeli milk firm Tara.",
    "proof": "https://www.jpost.com/business-and-innovation/banking-and-finance/article-743853"
  },
  {
    "name": "Activia",
    "reason": "Owned by **Danone**.\n\n**Danone** leads an investment of about NIS 12.5 million in Israel's Wilk, alongside Israeli milk firm Tara.",
    "proof": "https://www.jpost.com/business-and-innovation/banking-and-finance/article-743853"
  },
  {
    "name": "AdeS",
    "reason": "Owned by **The Coca-Cola Company**.\n\n**Coca-Cola Israel** owns dairy farms in the illegal Israeli settlements of Shadmot Mechola in the Jordan Valley and a plant in the industrial zone of Katzerin in the occupied Golan Heights.",
    "proof": "http://www.inminds.com/boycott-coca-cola.html"
  },
  {
    "name": "AERIN ",
    "reason": "AERIN is owned by **Estée Lauder**.\n\n**Ronald Lauder**, who together with his brother Leonard Lauder inherited the Estee Lauder company, is the president of the **World Jewish Congress**, and chairman of the Jewish National Fund, and is a **zionist** with extremist views and financially and politically supports **Israeli** occupation of Palestinian land.",
    "proof": "https://www.jnf.org/menu-3/speakers-bureau/bio-page?id=830973c9-caae-67a8-a4cf-ff000038378d"
  },
  {
    "name": "Aesop",
    "reason": "**Aesop** is owned by **L'Oreal.**\n\n**34.70%** of L’Oreal is owned by Mrs. Francoise Bettencourt Meyers and her family. **20.1%** of L’ Oreal is owned by **Nestle**. Nestle began **investing** in **Israel** in 1995 by buying 10% of Israeli food maker **Osem** Investments, increasing its ownership to 50.1% two years later giving it the controlling share and now owns a 53.8 percent stake in Osem Swiss food giant Nestle will set up a global research and development center for snack foods next year in Sderot, a town in Israel's Negev desert, the Maariv.",
    "proof": "https://www.loreal-finance.com/eng/share-ownership"
  },
  {
    "name": "Afrin",
    "reason": "Owned by **Bayer**.\n\nThere is a partnership between **Bayer** and the Israeli Innovation Authority. The Israel Innovation Authority (IIA) is the support arm of the Israeli government, charged with fostering the development of industrial research and development in the State of Israel.",
    "proof": "https://www.bayer.com/en/il/climate-tech-program"
  },
  {
    "name": "Agoda",
    "reason": "Sister company of **Booking.com**.\n\n**Booking.com** allows listings in occupied Palestinian territory, and after announcing it will remove 200 of such listings, it reversed its decision, showing it is knowingly complicit in Israels occupation.",
    "proof": "https://www.aljazeera.com/news/2022/10/5/is-booking-com-reversal-palestine-corporate-hypocrisy"
  },
  {
    "name": "Airbnb",
    "reason": "**Airbnb** allows listings in occupied Palestinian territory, and after announcing it will remove 200 of such listings, it reversed its decision, showing it is knowingly complicit in Israels occupation.",
    "proof": "https://www.amnesty.org/en/latest/press-release/2020/12/airbnb-listing-company-is-deeply-compromised-by-israeli-settlement-properties/"
  },
  {
    "name": "Airwick",
    "reason": "Owned by **Reckitt Benckiser**\n\n**Reckitt Benckiser** signs a cooperation agreement with the Israel Innovation Authority.",
    "proof": "https://en.globes.co.il/en/article-reckitt-benckiser-seeks-investments-in-israeli-cos-1001262747"
  },
  {
    "name": "Ajinomoto Co., Inc.",
    "reason": "**Ajinomoto Co.**, announced a partnership with Tel Aviv, Israel-based SuperMeat, a developer of poultry meat produced from animal cells.",
    "proof": "https://www.meatpoultry.com/articles/26314-ajinomoto-enters-joint-venture-with-cell-based-meat-company"
  },
  {
    "name": "Align Probiotic",
    "reason": "Owned by **Procter and Gamble**.\n\n**Procter and Gamble** opened an R&D center in Tel Aviv, Occupied Palestine, in which it invests $2bn annually.",
    "proof": "https://www.forbes.com/sites/ricardogeromel/2012/05/16/procter-and-gamble-israel-startup/?sh=766ad3d811f5"
  },
  {
    "name": "Alpen Gold",
    "reason": "Owned by **Mondelez International, Inc.**\n\n**Mondelez International Inc.** on Nov. 10(2020) announced a seed investment in Torr FoodTech, an early stage company based in Israel that has developed proprietary technology Mondelez said “brings real, simple ingredients together to offer multi-textural, sensorial experiences.\"",
    "proof": "https://www.foodbusinessnews.net/articles/17261-mondelez-invests-in-israel-food-tech-startup"
  },
  {
    "name": "Alpro",
    "reason": "Owned by **Danone**.\n\n**Danone** leads an investment of about NIS 12.5 million in Israel's Wilk, alongside Israeli milk firm Tara.",
    "proof": "https://www.jpost.com/business-and-innovation/banking-and-finance/article-743853"
  },
  {
    "name": "Altoids",
    "reason": "Owned by **Mars Inc**.\n\n**Mars** will support Israeli start-ups and the formation of companies, and will work together with leading Israeli academic institutions, such as the Hebrew University, the Weizmann Institute, the Technion, Migall and Tel Hai College, among others, to further Foodtech innovations.",
    "proof": "https://www.foodmanufacturing.com/home/news/13251464/mars-incorporated-partners-with-jerusalem-venture-partners-to-foster-foodtech-solutions-in-israel"
  },
  {
    "name": "Alvalle",
    "reason": "Owned by **PepsiCo**.\n\n**PepsiCo** bought SodaStream for $3.2bn and owns 50% of Sabra both of which had taken advantage of the Israeli occupation of Palestine.",
    "proof": "https://www.bloomberg.com/view/articles/2018-08-22/pepsico-s-sodastream-purchase-is-sweet-news-for-israelis?leadSource=uverify%20wall#xj4y7vzkg"
  },
  {
    "name": "Always",
    "reason": "Owned by **Procter and Gamble**.\n\n**Procter and Gamble** opened an R&D center in Tel Aviv, Occupied Palestine, in which it invests $2bn annually.",
    "proof": "https://www.forbes.com/sites/ricardogeromel/2012/05/16/procter-and-gamble-israel-startup/?sh=766ad3d811f5"
  },
  {
    "name": "Ambi Pur",
    "reason": "Owned by **Procter and Gamble**.\n\n**Procter and Gamble** opened an R&D center in Tel Aviv, Occupied Palestine, in which it invests $2bn annually.",
    "proof": "https://www.forbes.com/sites/ricardogeromel/2012/05/16/procter-and-gamble-israel-startup/?sh=766ad3d811f5"
  },
  {
    "name": "American Heritage Chocolate",
    "reason": "Owned by **Mars Inc**.\n\n**Mars** will support Israeli start-ups and the formation of companies, and will work together with leading Israeli academic institutions, such as the Hebrew University, the Weizmann Institute, the Technion, Migall and Tel Hai College, among others, to further Foodtech innovations.",
    "proof": "https://www.foodmanufacturing.com/home/news/13251464/mars-incorporated-partners-with-jerusalem-venture-partners-to-foster-foodtech-solutions-in-israel"
  },
  {
    "name": "Appletiser",
    "reason": "Owned by **The Coca-Cola Company**.\n\n**Coca-Cola Israel** owns dairy farms in the illegal Israeli settlements of Shadmot Mechola in the Jordan Valley and a plant in the industrial zone of Katzerin in the occupied Golan Heights.",
    "proof": "http://www.inminds.com/boycott-coca-cola.html"
  },
  {
    "name": "Aqua",
    "reason": "Owned by **Danone**.\n\n**Danone** leads an investment of about NIS 12.5 million in Israel's Wilk, alongside Israeli milk firm Tara.",
    "proof": "https://www.jpost.com/business-and-innovation/banking-and-finance/article-743853"
  },
  {
    "name": "Aquarius",
    "reason": "Owned by **The Coca-Cola Company**.\n\n**Coca-Cola Israel** owns dairy farms in the illegal Israeli settlements of Shadmot Mechola in the Jordan Valley and a plant in the industrial zone of Katzerin in the occupied Golan Heights.",
    "proof": "http://www.inminds.com/boycott-coca-cola.html"
  },
  {
    "name": "Aquence",
    "reason": "Owned by **Henkel**.\n\n**Henkel** invests in Israeli technology namely by investing in Feelit. A company with its roots in Israël.",
    "proof": "https://www.henkel.com/press-and-media/press-releases-and-kits/2021-01-07-henkel-invests-in-technology-start-up-feelit-1141594"
  },
  {
    "name": "aramis",
    "reason": "aramis is owned by **Estée Lauder**.\n\n**Ronald Lauder**, who together with his brother Leonard Lauder inherited the Estee Lauder company, is the president of the **World Jewish Congress**, and chairman of the Jewish National Fund, and is a **zionist** with extremist views and financially and politically supports **Israeli** occupation of Palestinian land.",
    "proof": "https://www.jnf.org/menu-3/speakers-bureau/bio-page?id=830973c9-caae-67a8-a4cf-ff000038378d"
  },
  {
    "name": "Aspirin",
    "reason": "Owned by **Bayer**.\n\nThere is a partnership between **Bayer** and the Israeli Innovation Authority. The Israel Innovation Authority (IIA) is the support arm of the Israeli government, charged with fostering the development of industrial research and development in the State of Israel.",
    "proof": "https://www.bayer.com/en/il/climate-tech-program"
  },
  {
    "name": "Atelier Cologne",
    "reason": "**Atelier Cologne** is owned by **L'Oreal.**\n\n**34.70%** of L’Oreal is owned by Mrs. Francoise Bettencourt Meyers and her family. **20.1%** of L’ Oreal is owned by **Nestle**. Nestle began **investing** in **Israel** in 1995 by buying 10% of Israeli food maker **Osem** Investments, increasing its ownership to 50.1% two years later giving it the controlling share and now owns a 53.8 percent stake in Osem Swiss food giant Nestle will set up a global research and development center for snack foods next year in Sderot, a town in Israel's Negev desert, the Maariv.",
    "proof": "https://www.loreal-finance.com/eng/share-ownership"
  },
  {
    "name": "Aussie",
    "reason": "Owned by **Procter and Gamble**.\n\n**Procter and Gamble** opened an R&D center in Tel Aviv, Occupied Palestine, in which it invests $2bn annually.",
    "proof": "https://www.forbes.com/sites/ricardogeromel/2012/05/16/procter-and-gamble-israel-startup/?sh=766ad3d811f5"
  }
]
