[
  {
    "name": "Calvin Klein",
    "reason": "**Calvin Klein Kids Partnership**\n\n**Calvin Klein Kids’** underwear, sleepwear and loungewear has partnered with **Delta Galil Industries**, Ltd. (DELT/Tel Aviv Stock Exchange), the global manufacturer and marketer of branded and private label apparel products for men, women, and children. **Delta Galil Industries** is an **Israeli** textile firm headquartered in **Tel Aviv**, with plants around the world.",
    "proof": "https://deltagalil.com/brands/licensed-brands/default.aspx"
  },
  {
    "name": "Canesten",
    "reason": "Owned by **Bayer**.\n\nThere is a partnership between **Bayer** and the Israeli Innovation Authority. The Israel Innovation Authority (IIA) is the support arm of the Israeli government, charged with fostering the development of industrial research and development in the State of Israel.",
    "proof": "https://www.bayer.com/en/il/climate-tech-program"
  },
  {
    "name": "Capital One",
    "reason": "**Capital One** was part of a $500m loan deal with a consortium of lenders, into Elbit Systems Ltd, the Israeli weapons manufacturer.",
    "proof": "https://breachmedia.ca/revealed-bmo-bankrolled-israeli-weapons-maker-with-a-90m-loan/"
  },
  {
    "name": "Cap'N Crunch",
    "reason": "Owned by **PepsiCo**.\n\n**PepsiCo** bought SodaStream for $3.2bn and owns 50% of Sabra both of which had taken advantage of the Israeli occupation of Palestine.",
    "proof": "https://www.bloomberg.com/view/articles/2018-08-22/pepsico-s-sodastream-purchase-is-sweet-news-for-israelis?leadSource=uverify%20wall#xj4y7vzkg"
  },
  {
    "name": "Cappy",
    "reason": "Owned by **The Coca-Cola Company**.\n\n**Coca-Cola Israel** owns dairy farms in the illegal Israeli settlements of Shadmot Mechola in the Jordan Valley and a plant in the industrial zone of Katzerin in the occupied Golan Heights.",
    "proof": "http://www.inminds.com/boycott-coca-cola.html"
  },
  {
    "name": "Capri Sun",
    "reason": "Till 2024 **Coca Cola** Manufactures Capri Sun.\n\n\nIn 2024, **Capri Sun** brings an end to the sales and distribution arrangement with **Coca-Cola** Europacific Partners (CCEP).  \nThey take over sales and distribution from **Coca-Cola** Europacific Partners in Western Europe in 2024.\n\n\n\n**Coca-Cola Israel** owns dairy farms in the illegal Israeli settlements of Shadmot Mechola in the Jordan Valley and a plant in the industrial zone of Katzerin in the occupied Golan Heights.",
    "proof": "https://www.prnewswire.com/news-releases/capri-sun-to-take-over-sales-and-distribution-from-coca-cola-europacific-partners-in-western-europe-in-2024-301891275.html"
  },
  {
    "name": " CARITA",
    "reason": "**CARITA** is owned by **L'Oreal.**\n\n**34.70%** of L’Oreal is owned by Mrs. Francoise Bettencourt Meyers and her family. **20.1%** of L’ Oreal is owned by **Nestle**. Nestle began **investing** in **Israel** in 1995 by buying 10% of Israeli food maker **Osem** Investments, increasing its ownership to 50.1% two years later giving it the controlling share and now owns a 53.8 percent stake in Osem Swiss food giant Nestle will set up a global research and development center for snack foods next year in Sderot, a town in Israel's Negev desert, the Maariv.",
    "proof": "https://www.loreal-finance.com/eng/share-ownership"
  },
  {
    "name": "Carte d'Or",
    "reason": "Owned by **Unilever**.\n\n**Carte d'Or** and Ben & Jerry's are owned by **Unilever**. When Ben & Jerry's decided to stop selling its products in Israel, **Unilever** sold off the Israeli distribution rights to Avi Zinger to circumvent their decision and to force Ben & Jerry's brand name to continue selling in Israel.",
    "proof": "https://www.unilever.com/news/press-and-media/press-releases/2022/unilever-reaches-new-business-arrangement-for-ben-jerrys-in-israel/"
  },
  {
    "name": "Cascade",
    "reason": "Owned by **Procter and Gamble**.\n\n**Procter and Gamble** opened an R&D center in Tel Aviv, Occupied Palestine, in which it invests $2bn annually.",
    "proof": "https://www.forbes.com/sites/ricardogeromel/2012/05/16/procter-and-gamble-israel-startup/?sh=766ad3d811f5"
  },
  {
    "name": "Catsan",
    "reason": "Owned by **Mars Inc**.\n\n**Mars** will support Israeli start-ups and the formation of companies, and will work together with leading Israeli academic institutions, such as the Hebrew University, the Weizmann Institute, the Technion, Migall and Tel Hai College, among others, to further Foodtech innovations.",
    "proof": "https://www.foodmanufacturing.com/home/news/13251464/mars-incorporated-partners-with-jerusalem-venture-partners-to-foster-foodtech-solutions-in-israel"
  },
  {
    "name": "CBS Entertainment",
    "reason": "Owned by **Paramount Global**.\n\n**Paramount Global** stated, 'We stand with the people of Israel and the global Jewish community.\"",
    "proof": "https://variety.com/2023/film/news/hollywood-studios-israel-palestine-hamas-attacks-1235753540/"
  },
  {
    "name": "CBS Media Ventures",
    "reason": "Owned by **Paramount Global**.\n\n**Paramount Global** stated, 'We stand with the people of Israel and the global Jewish community.\"",
    "proof": "https://variety.com/2023/film/news/hollywood-studios-israel-palestine-hamas-attacks-1235753540/"
  },
  {
    "name": "CBS News",
    "reason": "Owned by **Paramount Global**.\n\n**Paramount Global** stated, 'We stand with the people of Israel and the global Jewish community.\"",
    "proof": "https://variety.com/2023/film/news/hollywood-studios-israel-palestine-hamas-attacks-1235753540/"
  },
  {
    "name": "CBS Sports Network",
    "reason": "Owned by **Paramount Global**.\n\n**Paramount Global** stated, 'We stand with the people of Israel and the global Jewish community.\"",
    "proof": "https://variety.com/2023/film/news/hollywood-studios-israel-palestine-hamas-attacks-1235753540/"
  },
  {
    "name": "CBS Studios",
    "reason": "Owned by **Paramount Global**.\n\n**Paramount Global** stated, 'We stand with the people of Israel and the global Jewish community.\"",
    "proof": "https://variety.com/2023/film/news/hollywood-studios-israel-palestine-hamas-attacks-1235753540/"
  },
  {
    "name": "CBS Television Stations",
    "reason": "Owned by **Paramount Global**.\n\n**Paramount Global** stated, 'We stand with the people of Israel and the global Jewish community.\"",
    "proof": "https://variety.com/2023/film/news/hollywood-studios-israel-palestine-hamas-attacks-1235753540/"
  },
  {
    "name": "Celebrations",
    "reason": "Owned by **Mars Inc**.\n\n**Mars** will support Israeli start-ups and the formation of companies, and will work together with leading Israeli academic institutions, such as the Hebrew University, the Weizmann Institute, the Technion, Migall and Tel Hai College, among others, to further Foodtech innovations.",
    "proof": "https://www.foodmanufacturing.com/home/news/13251464/mars-incorporated-partners-with-jerusalem-venture-partners-to-foster-foodtech-solutions-in-israel"
  },
  {
    "name": "Celine",
    "reason": "Celine is owned by **LVMH**. \n\nBernard Arnault, the chairman and **CEO** of **LMVH** Moet Hennessy-Louis Vuitton, and the world’s richest man according to Forbes, has **invested** in cybersecurity firm, **Wiz**, the **Israeli** maker of cloud security solutions for enterprises.",
    "proof": "https://www.timesofisrael.com/luxury-goods-magnate-bernard-arnault-invests-in-israeli-cybersecurity-firm-wiz/"
  },
  {
    "name": "Ceralac",
    "reason": "Owned by **Nestlé**.\n\n**Nestlé** is 100% owned by swiss. **Nestlé** began investing in Israel in 1995 by buying 10% of Israeli food maker Osem Investments, increasing its ownership to 50.1% two years later giving it the controlling share and now owns a 53.8 percent stake in Osem Swiss food giant **Nestlé** will set up a global research and development centre for snack foods in Sderot, a town in Israel's Negev desert, the Maariv newspaper reported on Sunday. ",
    "proof": "https://www.just-food.com/news/israel-nestle-to-up-stake-in-osem/?cf-view"
  },
  {
    "name": "Cerave",
    "reason": "Owned by **L'Oreal**. \n\n34.70% of **L’Oreal** is owned by Mrs. Francoise Bettencourt Meyers and her family. **L’Oreal** is owned by **Nestle**. **Nestle** began investing in Israel in 1995 by buying 10% of Israeli food maker Osem Investments, increasing its ownership to 50.1% two years later giving it the controlling share and now owns a 53.8 percent stake in Osem Swiss food giant **Nestle** will set up a global research and development center for snack foods next year in Sderot, a town in Israel's Negev desert, the Maariv.",
    "proof": "https://www.loreal-finance.com/eng/share-ownership"
  },
  {
    "name": "Ceresit",
    "reason": "Owned by **Henkel**.\n\n**Henkel** invests in Israeli technology namely by investing in Feelit. A company with its roots in Israël.",
    "proof": "https://www.henkel.com/press-and-media/press-releases-and-kits/2021-01-07-henkel-invests-in-technology-start-up-feelit-1141594"
  },
  {
    "name": "Cesar",
    "reason": "Owned by **Mars Inc**.\n\n**Mars** will support Israeli start-ups and the formation of companies, and will work together with leading Israeli academic institutions, such as the Hebrew University, the Weizmann Institute, the Technion, Migall and Tel Hai College, among others, to further Foodtech innovations.",
    "proof": "https://www.foodmanufacturing.com/home/news/13251464/mars-incorporated-partners-with-jerusalem-venture-partners-to-foster-foodtech-solutions-in-israel"
  },
  {
    "name": "Cha Ling",
    "reason": "**Cha Ling** is owned by **LVMH**.\n\nBernard Arnault, the chairman and **CEO** of **LMVH** Moet Hennessy-Louis Vuitton, and the world’s richest man according to Forbes, has **invested** in cybersecurity firm, **Wiz**, the **Israeli** maker of cloud security solutions for enterprises.",
    "proof": "https://www.timesofisrael.com/luxury-goods-magnate-bernard-arnault-invests-in-israeli-cybersecurity-firm-wiz/"
  },
  {
    "name": "Channel 5",
    "reason": "Owned by **Paramount Global**.\n\n**Paramount Global** stated, 'We stand with the people of Israel and the global Jewish community.\"",
    "proof": "https://variety.com/2023/film/news/hollywood-studios-israel-palestine-hamas-attacks-1235753540/"
  },
  {
    "name": "Chappie",
    "reason": "Owned by **Mars Inc**.\n\n**Mars** will support Israeli start-ups and the formation of companies, and will work together with leading Israeli academic institutions, such as the Hebrew University, the Weizmann Institute, the Technion, Migall and Tel Hai College, among others, to further Foodtech innovations.",
    "proof": "https://www.foodmanufacturing.com/home/news/13251464/mars-incorporated-partners-with-jerusalem-venture-partners-to-foster-foodtech-solutions-in-israel"
  },
  {
    "name": "Charlie Banana",
    "reason": "Owned by **Procter and Gamble**.\n\n**Procter and Gamble** opened an R&D center in Tel Aviv, Occupied Palestine, in which it invests $2bn annually.",
    "proof": "https://www.forbes.com/sites/ricardogeromel/2012/05/16/procter-and-gamble-israel-startup/?sh=766ad3d811f5"
  },
  {
    "name": "Charmin",
    "reason": "Owned by **Procter and Gamble**.\n\n**Procter and Gamble** opened an R&D center in Tel Aviv, Occupied Palestine, in which it invests $2bn annually.",
    "proof": "https://www.forbes.com/sites/ricardogeromel/2012/05/16/procter-and-gamble-israel-startup/?sh=766ad3d811f5"
  },
  {
    "name": "Chaudfontaine ",
    "reason": "Owned by **The Coca-Cola Company**.\n\n**Coca-Cola Israel** owns dairy farms in the illegal Israeli settlements of Shadmot Mechola in the Jordan Valley and a plant in the industrial zone of Katzerin in the occupied Golan Heights.",
    "proof": "http://www.inminds.com/boycott-coca-cola.html"
  },
  {
    "name": "Chaumet",
    "reason": "**Chaumet** is owned by **LVMH**.\n\nBernard Arnault, the chairman and **CEO** of **LMVH** Moet Hennessy-Louis Vuitton, and the world’s richest man according to Forbes, has **invested** in cybersecurity firm, **Wiz**, the **Israeli** maker of cloud security solutions for enterprises.",
    "proof": "https://www.timesofisrael.com/luxury-goods-magnate-bernard-arnault-invests-in-israeli-cybersecurity-firm-wiz/"
  },
  {
    "name": "Cheapflights",
    "reason": "Sister company of **Booking.com**.\n\n**Booking.com** allows listings in occupied Palestinian territory, and after announcing it will remove 200 of such listings, it reversed its decision, showing it is knowingly complicit in Israels occupation.",
    "proof": "https://www.aljazeera.com/news/2022/10/5/is-booking-com-reversal-palestine-corporate-hypocrisy"
  },
  {
    "name": "Cheer",
    "reason": "Owned by **Procter and Gamble**.\n\n**Procter and Gamble** opened an R&D center in Tel Aviv, Occupied Palestine, in which it invests $2bn annually.",
    "proof": "https://www.forbes.com/sites/ricardogeromel/2012/05/16/procter-and-gamble-israel-startup/?sh=766ad3d811f5"
  },
  {
    "name": "Cheerios",
    "reason": "Owned by **Nestlé**.\n\n**Nestlé** is 100% owned by swiss. **Nestlé** began investing in Israel in 1995 by buying 10% of Israeli food maker Osem Investments, increasing its ownership to 50.1% two years later giving it the controlling share and now owns a 53.8 percent stake in Osem Swiss food giant **Nestlé** will set up a global research and development centre for snack foods in Sderot, a town in Israel's Negev desert, the Maariv newspaper reported on Sunday. ",
    "proof": "https://www.just-food.com/news/israel-nestle-to-up-stake-in-osem/?cf-view"
  },
  {
    "name": "Cheetos",
    "reason": "Owned by **PepsiCo**.\n\n**PepsiCo** bought SodaStream for $3.2bn and owns 50% of Sabra both of which had taken advantage of the Israeli occupation of Palestine.",
    "proof": "https://www.bloomberg.com/view/articles/2018-08-22/pepsico-s-sodastream-purchase-is-sweet-news-for-israelis?leadSource=uverify%20wall#xj4y7vzkg"
  },
  {
    "name": "Chesters",
    "reason": "Owned by **PepsiCo**.\n\n**PepsiCo** bought SodaStream for $3.2bn and owns 50% of Sabra both of which had taken advantage of the Israeli occupation of Palestine.",
    "proof": "https://www.bloomberg.com/view/articles/2018-08-22/pepsico-s-sodastream-purchase-is-sweet-news-for-israelis?leadSource=uverify%20wall#xj4y7vzkg"
  },
  {
    "name": "Chips Ahoy!",
    "reason": "Owned by **Mondelez International, Inc.**\n\n**Mondelez International Inc.** on Nov. 10(2020) announced a seed investment in Torr FoodTech, an early stage company based in Israel that has developed proprietary technology Mondelez said “brings real, simple ingredients together to offer multi-textural, sensorial experiences.\"",
    "proof": "https://www.foodbusinessnews.net/articles/17261-mondelez-invests-in-israel-food-tech-startup"
  },
  {
    "name": "Chocapic",
    "reason": "Owned by **Nestlé**.\n\n**Nestlé** is 100% owned by swiss. **Nestlé** began investing in Israel in 1995 by buying 10% of Israeli food maker Osem Investments, increasing its ownership to 50.1% two years later giving it the controlling share and now owns a 53.8 percent stake in Osem Swiss food giant **Nestlé** will set up a global research and development centre for snack foods in Sderot, a town in Israel's Negev desert, the Maariv newspaper reported on Sunday. ",
    "proof": "https://www.just-food.com/news/israel-nestle-to-up-stake-in-osem/?cf-view"
  },
  {
    "name": "Ciel",
    "reason": "Owned by **The Coca-Cola Company**.\n\n**Coca-Cola Israel** owns dairy farms in the illegal Israeli settlements of Shadmot Mechola in the Jordan Valley and a plant in the industrial zone of Katzerin in the occupied Golan Heights.",
    "proof": "http://www.inminds.com/boycott-coca-cola.html"
  },
  {
    "name": "Cini Minis",
    "reason": "Owned by **Nestlé**.\n\n**Nestlé** is 100% owned by swiss. **Nestlé** began investing in Israel in 1995 by buying 10% of Israeli food maker Osem Investments, increasing its ownership to 50.1% two years later giving it the controlling share and now owns a 53.8 percent stake in Osem Swiss food giant **Nestlé** will set up a global research and development centre for snack foods in Sderot, a town in Israel's Negev desert, the Maariv newspaper reported on Sunday. ",
    "proof": "https://www.just-food.com/news/israel-nestle-to-up-stake-in-osem/?cf-view"
  },
  {
    "name": "Clear",
    "reason": "Owned by **Unilever**.\n\n**Clear** and Ben & Jerry's are owned by **Unilever**. When Ben & Jerry's decided to stop selling its products in Israel, **Unilever** sold off the Israeli distribution rights to Avi Zinger to circumvent their decision and to force Ben & Jerry's brand name to continue selling in Israel.",
    "proof": "https://www.unilever.com/news/press-and-media/press-releases/2022/unilever-reaches-new-business-arrangement-for-ben-jerrys-in-israel/"
  },
  {
    "name": "Clearasil",
    "reason": "Owned by **Reckitt Benckiser**\n\n**Reckitt Benckiser** signs a cooperation agreement with the Israel Innovation Authority.",
    "proof": "https://en.globes.co.il/en/article-reckitt-benckiser-seeks-investments-in-israeli-cos-1001262747"
  },
  {
    "name": "Clearblue",
    "reason": "Owned by **Procter and Gamble**.\n\n**Procter and Gamble** opened an R&D center in Tel Aviv, Occupied Palestine, in which it invests $2bn annually.",
    "proof": "https://www.forbes.com/sites/ricardogeromel/2012/05/16/procter-and-gamble-israel-startup/?sh=766ad3d811f5"
  },
  {
    "name": "Clinique",
    "reason": "Clinique is owned by **Estée Lauder**\n\n**Ronald Lauder**, who together with his brother Leonard Lauder inherited the Estee Lauder company, is the president of the **World Jewish Congress**, and chairman of the Jewish National Fund, and is a **zionist** with extremist views and financially and politically supports **Israeli** occupation of Palestinian land.",
    "proof": "https://www.jnf.org/menu-3/speakers-bureau/bio-page?id=830973c9-caae-67a8-a4cf-ff000038378d"
  },
  {
    "name": "Clorets",
    "reason": "Owned by **Mondelez International, Inc.**\n\n**Mondelez International Inc.** on Nov. 10(2020) announced a seed investment in Torr FoodTech, an early stage company based in Israel that has developed proprietary technology Mondelez said “brings real, simple ingredients together to offer multi-textural, sensorial experiences.\"",
    "proof": "https://www.foodbusinessnews.net/articles/17261-mondelez-invests-in-israel-food-tech-startup"
  },
  {
    "name": "Club Social",
    "reason": "Owned by **Mondelez International, Inc.**\n\n**Mondelez International Inc.** on Nov. 10(2020) announced a seed investment in Torr FoodTech, an early stage company based in Israel that has developed proprietary technology Mondelez said “brings real, simple ingredients together to offer multi-textural, sensorial experiences.\"",
    "proof": "https://www.foodbusinessnews.net/articles/17261-mondelez-invests-in-israel-food-tech-startup"
  },
  {
    "name": "CMT",
    "reason": "Owned by **Paramount Global**.\n\n**Paramount Global** stated, 'We stand with the people of Israel and the global Jewish community.\"",
    "proof": "https://variety.com/2023/film/news/hollywood-studios-israel-palestine-hamas-attacks-1235753540/"
  },
  {
    "name": "CocoaVia",
    "reason": "Owned by **Mars Inc**.\n\n**Mars** will support Israeli start-ups and the formation of companies, and will work together with leading Israeli academic institutions, such as the Hebrew University, the Weizmann Institute, the Technion, Migall and Tel Hai College, among others, to further Foodtech innovations.",
    "proof": "https://www.foodmanufacturing.com/home/news/13251464/mars-incorporated-partners-with-jerusalem-venture-partners-to-foster-foodtech-solutions-in-israel"
  },
  {
    "name": "Colors",
    "reason": "Owned by **Paramount Global**.\n\n**Paramount Global** stated, 'We stand with the people of Israel and the global Jewish community.\"",
    "proof": "https://variety.com/2023/film/news/hollywood-studios-israel-palestine-hamas-attacks-1235753540/"
  },
  {
    "name": "Columbia",
    "reason": "**Columbia Partnership**\n\n**Columbia** has partnered with **Delta Galil Industries**, Ltd. (DELT/Tel Aviv Stock Exchange), the global manufacturer and marketer of branded and private label apparel products for men, women, and children. **Delta Galil Industries** is an **Israeli** textile firm headquartered in **Tel Aviv**, with plants around the world.",
    "proof": "https://deltagalil.com/brands/licensed-brands/default.aspx"
  },
  {
    "name": "Combos",
    "reason": "Owned by **Mars Inc**.\n\n**Mars** will support Israeli start-ups and the formation of companies, and will work together with leading Israeli academic institutions, such as the Hebrew University, the Weizmann Institute, the Technion, Migall and Tel Hai College, among others, to further Foodtech innovations.",
    "proof": "https://www.foodmanufacturing.com/home/news/13251464/mars-incorporated-partners-with-jerusalem-venture-partners-to-foster-foodtech-solutions-in-israel"
  },
  {
    "name": "Comcast Corp.",
    "reason": "**Comcast** Donating $2M to Support Humanitarian Relief Amid Israel Crisis.",
    "proof": "https://www.hollywoodreporter.com/business/business-news/comcast-humanitarian-relief-israel-1235617669/"
  }
]
