{

  "manifest_version": 2,
  "name": "Never Again",
  "version": "1.1",

  "description": "Highlights the products and brands related to apartheid Israel.",

  "icons": {
    "32": "icons/never-again-logo-icon-only-128x128-min.svg",
    "48": "icons/never-again-logo-icon-only-128x128-min.svg",
    "64": "icons/never-again-logo-icon-only-128x128-min.svg",
    "96": "icons/never-again-logo-icon-only-128x128-min.svg"
  },

  "permissions": [
    "http://*/*",
    "https://*/*"
  ],

  "content_scripts": [
    {
      "exclude_matches": ["*://*.mattermost.com/*"],
      "matches": ["<all_urls>"],
      "js": ["neverAgain.js"],
      "css": ["neverAgain.css"]
    }
  ],

  "browser_specific_settings": {
    "gecko": {
      "id": "{7f436741-e7ba-4a93-b648-3b09af0f5b2e}"
    }
  }

}
